Strain,AMR_gene,Locus_tag,Category
Acinetobacter_UC23022,blaOXA-65,EGMKDJLJ_00758,Core
Acinetobacter_UC23022,aph(3')-VIa,EGMKDJLJ_00823,Accessory
Acinetobacter_UC23022,blaADC-263,EGMKDJLJ_02044,Core
Acinetobacter_UC23022,blaOXA-23,EGMKDJLJ_02819,Accessory
Acinetobacter_UC23022,sul2,EGMKDJLJ_02877,Accessory
Acinetobacter_UC23022,aph(6)-Id,EGMKDJLJ_02886,Accessory
Acinetobacter_UC23022,aph(3'')-Ib,EGMKDJLJ_02887,Accessory
Acinetobacter_UC23022,aadA1,EGMKDJLJ_03059,Accessory
Acinetobacter_UC23022,sat2,EGMKDJLJ_03060,Accessory
Acinetobacter_UC23022,dfrA1,EGMKDJLJ_03061,Accessory
Acinetobacter_UC23022,blaTEM-1,EGMKDJLJ_03065,Accessory
Acinetobacter_UC23022,ant(3'')-IIa,EGMKDJLJ_03298,Core
Acinetobacter_AB30,blaOXA-65,ICNOOHHG_00502,Core
Acinetobacter_AB30,blaADC,ICNOOHHG_01693,Core
Acinetobacter_AB30,aac(3)-IIe,ICNOOHHG_02522,Accessory
Acinetobacter_AB30,blaTEM-1,ICNOOHHG_02523,Accessory
Acinetobacter_AB30,aac(6')-Ian,ICNOOHHG_02525,Accessory
Acinetobacter_AB30,sul2,ICNOOHHG_02603,Accessory
Acinetobacter_AB30,aph(6)-Id,ICNOOHHG_02614,Accessory
Acinetobacter_AB30,aph(3'')-Ib,ICNOOHHG_02615,Accessory
Acinetobacter_AB30,ant(3'')-IIa,ICNOOHHG_03017,Core
Acinetobacter_AB30,blaOXA-23,ICNOOHHG_03330,Accessory
Acinetobacter_AB30,blaOXA-23,ICNOOHHG_04331,Accessory
Acinetobacter_AF-401,aph(3'')-Ib,NBKFELJD_00263,Accessory
Acinetobacter_AF-401,aph(6)-Id,NBKFELJD_00264,Accessory
Acinetobacter_AF-401,aac(3)-IIe,NBKFELJD_00276,Accessory
Acinetobacter_AF-401,blaTEM-1,NBKFELJD_00277,Accessory
Acinetobacter_AF-401,aac(6')-Ian,NBKFELJD_00279,Accessory
Acinetobacter_AF-401,sul2,NBKFELJD_00283,Accessory
Acinetobacter_AF-401,blaOXA-235,NBKFELJD_00294,Accessory
Acinetobacter_AF-401,blaADC-5,NBKFELJD_01161,Core
Acinetobacter_AF-401,blaOXA-65,NBKFELJD_02426,Core
Acinetobacter_AF-401,ant(3'')-IIa,NBKFELJD_03986,Core
Acinetobacter_AF-401,blaOXA-235,NBKFELJD_04161,Accessory
Acinetobacter_D4,qacE,MBMGJOKJ_00044,Accessory
Acinetobacter_D4,ant(3'')-Ia,NA,Unknown
Acinetobacter_D4,aph(3'')-Ib,MBMGJOKJ_00046,Accessory
Acinetobacter_D4,aph(6)-Id,MBMGJOKJ_00047,Accessory
Acinetobacter_D4,ant(2'')-Ia,MBMGJOKJ_00049,Accessory
Acinetobacter_D4,qacE,MBMGJOKJ_00050,Accessory
Acinetobacter_D4,sul1,MBMGJOKJ_00051,Accessory
Acinetobacter_D4,blaPER-1,MBMGJOKJ_00055,Accessory
Acinetobacter_D4,aadA2,NA,Unknown
Acinetobacter_D4,qacE,MBMGJOKJ_00069,Accessory
Acinetobacter_D4,sul1,MBMGJOKJ_00070,Accessory
Acinetobacter_D4,ant(3'')-IIa,MBMGJOKJ_00240,Core
Acinetobacter_D4,aph(3')-Ia,MBMGJOKJ_00319,Accessory
Acinetobacter_D4,blaOXA-64,MBMGJOKJ_01746,Core
Acinetobacter_D4,blaADC-26,MBMGJOKJ_02898,Core
Acinetobacter_D4,sul2,MBMGJOKJ_04072,Accessory
Acinetobacter_D4,aph(6)-Id,MBMGJOKJ_04076,Accessory
Acinetobacter_D4,aph(3'')-Ib,MBMGJOKJ_04077,Accessory
Acinetobacter_AC1633,blaADC-50,CLCGKAGN_00206,Core
Acinetobacter_AC1633,blaOXA,CLCGKAGN_01334,Core
Acinetobacter_AC1633,ant(3'')-IIa,CLCGKAGN_03103,Core
Acinetobacter_AC1633,aac(3)-IId,CLCGKAGN_04196,Accessory
Acinetobacter_AC1633,sul2,CLCGKAGN_04201,Accessory
Acinetobacter_AC1633,blaNDM-1,CLCGKAGN_04261,Accessory
Acinetobacter_AC1633,ble,CLCGKAGN_04262,Accessory
Acinetobacter_AC1633,aph(3'')-Ib,CLCGKAGN_04331,Accessory
Acinetobacter_AC1633,aph(6)-Id,CLCGKAGN_04332,Accessory
Acinetobacter_AC1633,blaOXA-58,NA,Unknown
Acinetobacter_AC1633,msr(E),CLCGKAGN_04353,Accessory
Acinetobacter_AC1633,mph(E),CLCGKAGN_04354,Accessory
Acinetobacter_AC1633,tet(39),CLCGKAGN_04360,Accessory
Acinetobacter_AB17,sul2,PPMDFBEA_00108,Accessory
Acinetobacter_AB17,tet(B),PPMDFBEA_00110,Accessory
Acinetobacter_AB17,mph(E),PPMDFBEA_00120,Accessory
Acinetobacter_AB17,msr(E),PPMDFBEA_00121,Accessory
Acinetobacter_AB17,armA,PPMDFBEA_00124,Accessory
Acinetobacter_AB17,sul1,PPMDFBEA_00128,Accessory
Acinetobacter_AB17,qacEdelta1,PPMDFBEA_00129,Accessory
Acinetobacter_AB17,cmlA5,PPMDFBEA_00130,Accessory
Acinetobacter_AB17,arr-2,PPMDFBEA_00131,Accessory
Acinetobacter_AB17,sul2,PPMDFBEA_00145,Accessory
Acinetobacter_AB17,dfrA45,NA,Unknown
Acinetobacter_AB17,aph(6)-Id,NA,Unknown
Acinetobacter_AB17,dfrA1,PPMDFBEA_00157,Accessory
Acinetobacter_AB17,sat2,PPMDFBEA_00158,Accessory
Acinetobacter_AB17,aadA1,PPMDFBEA_00159,Accessory
Acinetobacter_AB17,aph(3')-VIa,PPMDFBEA_00627,Accessory
Acinetobacter_AB17,blaADC-191,PPMDFBEA_01194,Core
Acinetobacter_AB17,aadA1,PPMDFBEA_01845,Accessory
Acinetobacter_AB17,sat2,PPMDFBEA_01846,Accessory
Acinetobacter_AB17,dfrA1,PPMDFBEA_01847,Accessory
Acinetobacter_AB17,blaOXA-69,PPMDFBEA_02227,Core
Acinetobacter_AB17,dfrA1,PPMDFBEA_02353,Accessory
Acinetobacter_AB17,sat2,PPMDFBEA_02354,Accessory
Acinetobacter_AB17,aadA1,PPMDFBEA_02355,Accessory
Acinetobacter_AB17,blaOXA-23,PPMDFBEA_02955,Accessory
Acinetobacter_AB17,blaOXA-23,PPMDFBEA_03062,Accessory
Acinetobacter_AB17,aac(3)-Ia,PPMDFBEA_03810,Accessory
Acinetobacter_AB17,aadA1,NA,Unknown
Acinetobacter_AB17,qacEdelta1,PPMDFBEA_03813,Accessory
Acinetobacter_AB17,sul1,PPMDFBEA_03814,Accessory
Acinetobacter_AB17,aph(3')-Ia,PPMDFBEA_03825,Accessory
Acinetobacter_AB17,ant(3'')-IIa,PPMDFBEA_03898,Core
Acinetobacter_6080,blaOXA,NFEKCGNK_00797,Accessory
Acinetobacter_6080,blaOXA-23,NFEKCGNK_00806,Accessory
Acinetobacter_6080,blaOXA-23,NFEKCGNK_00816,Accessory
Acinetobacter_6080,blaOXA-66,NFEKCGNK_02087,Core
Acinetobacter_6080,armA,NFEKCGNK_02607,Accessory
Acinetobacter_6080,sul1,NFEKCGNK_02610,Accessory
Acinetobacter_6080,qacEdelta1,NFEKCGNK_02611,Accessory
Acinetobacter_6080,aadA1,NA,Unknown
Acinetobacter_6080,catB8,NFEKCGNK_02613,Accessory
Acinetobacter_6080,aac(6')-Ib',NFEKCGNK_02614,Accessory
Acinetobacter_6080,aph(3')-Ia,NFEKCGNK_02617,Accessory
Acinetobacter_6080,blaADC-30,NFEKCGNK_02853,Core
Acinetobacter_6080,sul2,NFEKCGNK_03952,Accessory
Acinetobacter_6080,ant(3'')-IIa,NFEKCGNK_04049,Core
Acinetobacter_XH1056,ant(3'')-IIa,JNHBBJDM_00136,Core
Acinetobacter_XH1056,blaOXA-23,JNHBBJDM_01012,Accessory
Acinetobacter_XH1056,blaOXA-68,JNHBBJDM_01783,Core
Acinetobacter_XH1056,mph(E),JNHBBJDM_02255,Accessory
Acinetobacter_XH1056,msr(E),JNHBBJDM_02256,Accessory
Acinetobacter_XH1056,armA,JNHBBJDM_02259,Accessory
Acinetobacter_XH1056,sul1,JNHBBJDM_02263,Accessory
Acinetobacter_XH1056,qacE,NA,Unknown
Acinetobacter_XH1056,blaPER-1,JNHBBJDM_02270,Accessory
Acinetobacter_XH1056,sul1,JNHBBJDM_02273,Accessory
Acinetobacter_XH1056,qacEdelta1,JNHBBJDM_02274,Accessory
Acinetobacter_XH1056,aadA1,NA,Unknown
Acinetobacter_XH1056,cmlA1,JNHBBJDM_02276,Accessory
Acinetobacter_XH1056,aadA2,JNHBBJDM_02277,Accessory
Acinetobacter_XH1056,blaCARB-2,JNHBBJDM_02278,Accessory
Acinetobacter_XH1056,ere(B),JNHBBJDM_02281,Accessory
Acinetobacter_XH1056,blaADC-76,JNHBBJDM_02949,Core
Acinetobacter_XH1056,sul2,JNHBBJDM_03061,Accessory
Acinetobacter_XH1056,tet(B),JNHBBJDM_03063,Accessory
Acinetobacter_XH1056,aph(6)-Id,JNHBBJDM_03068,Accessory
Acinetobacter_XH1056,aph(3'')-Ib,JNHBBJDM_03069,Accessory
Acinetobacter_7804,ant(3'')-IIa,OHEDLJHM_00122,Core
Acinetobacter_7804,aph(3')-VIa,OHEDLJHM_01384,Accessory
Acinetobacter_7804,blaADC,OHEDLJHM_01416,Core
Acinetobacter_7804,blaOXA-64,OHEDLJHM_02595,Core
Acinetobacter_7804,blaOXA,NA,Unknown
Acinetobacter_7804,sul2,OHEDLJHM_04169,Accessory
Acinetobacter_7804,aph(6)-Id,OHEDLJHM_04177,Accessory
Acinetobacter_7804,aph(3'')-Ib,OHEDLJHM_04178,Accessory
Acinetobacter_MRSN_58,ant(3'')-IIa,OLNMEJKE_00164,Core
Acinetobacter_MRSN_58,aph(3')-Ia,OLNMEJKE_00238,Accessory
Acinetobacter_MRSN_58,aac(3)-Ia,OLNMEJKE_00241,Accessory
Acinetobacter_MRSN_58,aadA1,NA,Unknown
Acinetobacter_MRSN_58,qacEdelta1,OLNMEJKE_00244,Accessory
Acinetobacter_MRSN_58,sul1,OLNMEJKE_00245,Accessory
Acinetobacter_MRSN_58,aph(3')-Ia,OLNMEJKE_00911,Accessory
Acinetobacter_MRSN_58,aph(3')-Ia,OLNMEJKE_00915,Accessory
Acinetobacter_MRSN_58,aph(3')-Ia,OLNMEJKE_00919,Accessory
Acinetobacter_MRSN_58,aph(3')-Ia,OLNMEJKE_00923,Accessory
Acinetobacter_MRSN_58,aph(3')-Ia,OLNMEJKE_00927,Accessory
Acinetobacter_MRSN_58,aph(3')-Ia,OLNMEJKE_00931,Accessory
Acinetobacter_MRSN_58,aph(3')-Ia,OLNMEJKE_00935,Accessory
Acinetobacter_MRSN_58,aph(3')-Ia,OLNMEJKE_00939,Accessory
Acinetobacter_MRSN_58,aph(3')-Ia,OLNMEJKE_00943,Accessory
Acinetobacter_MRSN_58,aph(3')-Ia,OLNMEJKE_00947,Accessory
Acinetobacter_MRSN_58,aph(3')-Ia,OLNMEJKE_00951,Accessory
Acinetobacter_MRSN_58,aph(3')-Ia,OLNMEJKE_00955,Accessory
Acinetobacter_MRSN_58,aph(3')-Ia,OLNMEJKE_00959,Accessory
Acinetobacter_MRSN_58,aph(3')-Ia,OLNMEJKE_00963,Accessory
Acinetobacter_MRSN_58,aph(3')-Ia,OLNMEJKE_00967,Accessory
Acinetobacter_MRSN_58,aph(3')-Ia,OLNMEJKE_00971,Accessory
Acinetobacter_MRSN_58,aph(3')-Ia,OLNMEJKE_00975,Accessory
Acinetobacter_MRSN_58,aph(3')-Ia,OLNMEJKE_00979,Accessory
Acinetobacter_MRSN_58,aph(3')-Ia,OLNMEJKE_00983,Accessory
Acinetobacter_MRSN_58,aph(3')-Ia,OLNMEJKE_00987,Accessory
Acinetobacter_MRSN_58,aph(3')-Ia,OLNMEJKE_00991,Accessory
Acinetobacter_MRSN_58,aph(3')-Ia,OLNMEJKE_00995,Accessory
Acinetobacter_MRSN_58,aph(3')-Ia,OLNMEJKE_00999,Accessory
Acinetobacter_MRSN_58,aph(3')-Ia,OLNMEJKE_01003,Accessory
Acinetobacter_MRSN_58,aph(3')-Ia,OLNMEJKE_01007,Accessory
Acinetobacter_MRSN_58,aph(3')-Ia,OLNMEJKE_01011,Accessory
Acinetobacter_MRSN_58,aph(3')-Ia,OLNMEJKE_01015,Accessory
Acinetobacter_MRSN_58,aph(3')-Ia,OLNMEJKE_01019,Accessory
Acinetobacter_MRSN_58,aph(3')-Ia,OLNMEJKE_01023,Accessory
Acinetobacter_MRSN_58,aph(3')-Ia,OLNMEJKE_01027,Accessory
Acinetobacter_MRSN_58,aph(3')-Ia,OLNMEJKE_01031,Accessory
Acinetobacter_MRSN_58,aph(3')-Ia,OLNMEJKE_01035,Accessory
Acinetobacter_MRSN_58,aph(3')-Ia,OLNMEJKE_01039,Accessory
Acinetobacter_MRSN_58,aph(3')-Ia,OLNMEJKE_01043,Accessory
Acinetobacter_MRSN_58,aph(3')-Ia,OLNMEJKE_01047,Accessory
Acinetobacter_MRSN_58,aph(3')-Ia,OLNMEJKE_01051,Accessory
Acinetobacter_MRSN_58,aph(3')-Ia,OLNMEJKE_01055,Accessory
Acinetobacter_MRSN_58,aph(3')-Ia,OLNMEJKE_01059,Accessory
Acinetobacter_MRSN_58,aph(3')-Ia,OLNMEJKE_01063,Accessory
Acinetobacter_MRSN_58,aph(3')-Ia,OLNMEJKE_01067,Accessory
Acinetobacter_MRSN_58,aph(3')-Ia,OLNMEJKE_01071,Accessory
Acinetobacter_MRSN_58,aph(3')-Ia,OLNMEJKE_01075,Accessory
Acinetobacter_MRSN_58,aph(3')-Ia,OLNMEJKE_01079,Accessory
Acinetobacter_MRSN_58,aph(3')-Ia,OLNMEJKE_01083,Accessory
Acinetobacter_MRSN_58,aph(3')-Ia,OLNMEJKE_01087,Accessory
Acinetobacter_MRSN_58,aph(3')-Ia,OLNMEJKE_01091,Accessory
Acinetobacter_MRSN_58,aph(3')-Ia,OLNMEJKE_01095,Accessory
Acinetobacter_MRSN_58,aph(3')-Ia,OLNMEJKE_01099,Accessory
Acinetobacter_MRSN_58,aph(3')-Ia,OLNMEJKE_01103,Accessory
Acinetobacter_MRSN_58,aph(3')-Ia,OLNMEJKE_01107,Accessory
Acinetobacter_MRSN_58,aph(3')-Ia,OLNMEJKE_01111,Accessory
Acinetobacter_MRSN_58,aph(3')-Ia,OLNMEJKE_01115,Accessory
Acinetobacter_MRSN_58,aph(3')-Ia,OLNMEJKE_01119,Accessory
Acinetobacter_MRSN_58,aph(3')-Ia,OLNMEJKE_01123,Accessory
Acinetobacter_MRSN_58,aph(3')-Ia,OLNMEJKE_01127,Accessory
Acinetobacter_MRSN_58,aph(3')-Ia,OLNMEJKE_01131,Accessory
Acinetobacter_MRSN_58,aph(3')-Ia,OLNMEJKE_01135,Accessory
Acinetobacter_MRSN_58,aph(3')-Ia,OLNMEJKE_01139,Accessory
Acinetobacter_MRSN_58,aph(3')-Ia,OLNMEJKE_01143,Accessory
Acinetobacter_MRSN_58,aph(3')-Ia,OLNMEJKE_01147,Accessory
Acinetobacter_MRSN_58,aph(3')-Ia,OLNMEJKE_01151,Accessory
Acinetobacter_MRSN_58,aph(3')-Ia,OLNMEJKE_01155,Accessory
Acinetobacter_MRSN_58,aph(3')-Ia,OLNMEJKE_01159,Accessory
Acinetobacter_MRSN_58,aph(3')-Ia,OLNMEJKE_01163,Accessory
Acinetobacter_MRSN_58,aph(3')-Ia,OLNMEJKE_01167,Accessory
Acinetobacter_MRSN_58,aph(3')-Ia,OLNMEJKE_01171,Accessory
Acinetobacter_MRSN_58,aph(3')-Ia,OLNMEJKE_01175,Accessory
Acinetobacter_MRSN_58,aph(3')-Ia,OLNMEJKE_01179,Accessory
Acinetobacter_MRSN_58,aph(3')-Ia,OLNMEJKE_01183,Accessory
Acinetobacter_MRSN_58,aph(3')-Ia,OLNMEJKE_01187,Accessory
Acinetobacter_MRSN_58,aph(3')-Ia,OLNMEJKE_01191,Accessory
Acinetobacter_MRSN_58,aph(3')-Ia,OLNMEJKE_01195,Accessory
Acinetobacter_MRSN_58,aph(3')-Ia,OLNMEJKE_01199,Accessory
Acinetobacter_MRSN_58,aph(3')-Ia,OLNMEJKE_01203,Accessory
Acinetobacter_MRSN_58,aph(3')-Ia,OLNMEJKE_01207,Accessory
Acinetobacter_MRSN_58,blaOXA-23,OLNMEJKE_01219,Accessory
Acinetobacter_MRSN_58,blaOXA-69,OLNMEJKE_02021,Core
Acinetobacter_MRSN_58,dfrA1,OLNMEJKE_02331,Accessory
Acinetobacter_MRSN_58,sat2,OLNMEJKE_02332,Accessory
Acinetobacter_MRSN_58,aadA1,OLNMEJKE_02333,Accessory
Acinetobacter_MRSN_58,blaADC-191,OLNMEJKE_03058,Core
Acinetobacter_MRSN_58,blaOXA-23,OLNMEJKE_04065,Accessory
Acinetobacter_MRSN_58,aadA1,OLNMEJKE_04089,Accessory
Acinetobacter_MRSN_58,sat2,OLNMEJKE_04090,Accessory
Acinetobacter_MRSN_58,dfrA1,OLNMEJKE_04091,Accessory
Acinetobacter_MRSN_58,aph(6)-Id,NA,Unknown
Acinetobacter_MRSN_58,tet(B),OLNMEJKE_04098,Accessory
Acinetobacter_MRSN_58,sul2,OLNMEJKE_04100,Accessory
Acinetobacter_BAL114,blaADC-82,KIEDKKIJ_01111,Core
Acinetobacter_BAL114,aadA1,KIEDKKIJ_01351,Accessory
Acinetobacter_BAL114,qacEdelta1,KIEDKKIJ_01352,Accessory
Acinetobacter_BAL114,sul1,KIEDKKIJ_01353,Accessory
Acinetobacter_BAL114,armA,KIEDKKIJ_01356,Accessory
Acinetobacter_BAL114,msr(E),KIEDKKIJ_01359,Accessory
Acinetobacter_BAL114,mph(E),KIEDKKIJ_01360,Accessory
Acinetobacter_BAL114,blaOXA-66,KIEDKKIJ_02272,Core
Acinetobacter_BAL114,aac(3)-Ia,KIEDKKIJ_02792,Accessory
Acinetobacter_BAL114,aadA1,NA,Unknown
Acinetobacter_BAL114,qacEdelta1,KIEDKKIJ_02795,Accessory
Acinetobacter_BAL114,sul1,KIEDKKIJ_02796,Accessory
Acinetobacter_BAL114,aph(3')-Ia,KIEDKKIJ_02800,Accessory
Acinetobacter_BAL114,blaTEM-1,KIEDKKIJ_02804,Accessory
Acinetobacter_BAL114,aph(3'')-Ib,KIEDKKIJ_03843,Accessory
Acinetobacter_BAL114,aph(6)-Id,KIEDKKIJ_03844,Accessory
Acinetobacter_BAL114,tet(B),KIEDKKIJ_03849,Accessory
Acinetobacter_BAL114,ant(3'')-IIa,KIEDKKIJ_03933,Core
Acinetobacter_BAL114,blaOXA,KIEDKKIJ_03954,Accessory
Acinetobacter_361BC,blaOXA-65,FLFKFLGF_00355,Core
Acinetobacter_361BC,ant(3'')-IIa,FLFKFLGF_02573,Core
Acinetobacter_361BC,sul2,FLFKFLGF_02966,Accessory
Acinetobacter_361BC,aph(6)-Id,FLFKFLGF_02977,Accessory
Acinetobacter_361BC,aph(3'')-Ib,FLFKFLGF_02978,Accessory
Acinetobacter_361BC,blaOXA-239,FLFKFLGF_03432,Accessory
Acinetobacter_361BC,blaADC,FLFKFLGF_03865,Core
Acinetobacter_ATCC_19606,sul2,DGLPADFO_00104,Accessory
Acinetobacter_ATCC_19606,ant(3'')-IIa,DGLPADFO_00218,Core
Acinetobacter_ATCC_19606,blaOXA-98,DGLPADFO_01820,Core
Acinetobacter_ATCC_19606,blaADC-158,DGLPADFO_02779,Core
Acinetobacter_169D,blaOXA-65,AGIFJLMJ_00525,Core
Acinetobacter_169D,blaADC,AGIFJLMJ_01082,Core
Acinetobacter_169D,blaOXA-239,AGIFJLMJ_01466,Accessory
Acinetobacter_169D,aph(3'')-Ib,AGIFJLMJ_01913,Accessory
Acinetobacter_169D,aph(6)-Id,AGIFJLMJ_01914,Accessory
Acinetobacter_169D,sul2,AGIFJLMJ_01925,Accessory
Acinetobacter_169D,aph(3')-VIa,AGIFJLMJ_02250,Accessory
Acinetobacter_169D,aph(3')-VIa,AGIFJLMJ_02253,Accessory
Acinetobacter_169D,ant(3'')-IIa,AGIFJLMJ_02322,Core
Acinetobacter_169D,blaOXA-239,AGIFJLMJ_02490,Accessory
Acinetobacter_AR_0101,blaADC-214,DDAGMKMJ_00121,Core
Acinetobacter_AR_0101,sul2,DDAGMKMJ_00989,Accessory
Acinetobacter_AR_0101,aac(6')-Ian,DDAGMKMJ_00993,Accessory
Acinetobacter_AR_0101,aph(6)-Id,DDAGMKMJ_01003,Accessory
Acinetobacter_AR_0101,aph(3'')-Ib,DDAGMKMJ_01004,Accessory
Acinetobacter_AR_0101,ant(3'')-IIa,DDAGMKMJ_01391,Core
Acinetobacter_AR_0101,aac(6')-Ian,DDAGMKMJ_02948,Accessory
Acinetobacter_AR_0101,blaOXA-65,DDAGMKMJ_03033,Core
Acinetobacter_DETAB-E51,blaADC-30,OAHDEEOL_01102,Core
Acinetobacter_DETAB-E51,blaOXA-66,OAHDEEOL_01932,Core
Acinetobacter_DETAB-E51,blaOXA-23,OAHDEEOL_03153,Accessory
Acinetobacter_DETAB-E51,sul2,OAHDEEOL_03897,Accessory
Acinetobacter_DETAB-E51,ant(3'')-IIa,OAHDEEOL_03993,Core
Acinetobacter_VB82,blaOXA-64,BGFDGAOF_01250,Core
Acinetobacter_VB82,blaADC-26,BGFDGAOF_02559,Core
Acinetobacter_VB82,ant(3'')-IIa,BGFDGAOF_03786,Core
Acinetobacter_VB82,blaOXA-23,BGFDGAOF_03877,Accessory
Acinetobacter_VB82,aac(6')-Ian,BGFDGAOF_04157,Accessory
Acinetobacter_VB82,blaOXA-23,BGFDGAOF_04202,Accessory
Acinetobacter_VB82,aph(3'')-Ib,BGFDGAOF_04236,Accessory
Acinetobacter_VB82,aph(6)-Id,BGFDGAOF_04237,Accessory
Acinetobacter_VB82,sul2,BGFDGAOF_04241,Accessory
Acinetobacter_VB82,sul2,BGFDGAOF_04274,Accessory
Acinetobacter_VB82,tet(B),BGFDGAOF_04276,Accessory
Acinetobacter_VB82,mph(E),BGFDGAOF_04286,Accessory
Acinetobacter_VB82,msr(E),BGFDGAOF_04287,Accessory
Acinetobacter_VB82,armA,BGFDGAOF_04290,Accessory
Acinetobacter_VB82,sul1,BGFDGAOF_04294,Accessory
Acinetobacter_VB82,qacE,NA,Unknown
Acinetobacter_VB82,blaPER-7,BGFDGAOF_04297,Accessory
Acinetobacter_VB82,sul1,BGFDGAOF_04299,Accessory
Acinetobacter_VB82,qacEdelta1,BGFDGAOF_04300,Accessory
Acinetobacter_VB82,cmlA5,BGFDGAOF_04301,Accessory
Acinetobacter_VB82,arr-2,BGFDGAOF_04302,Accessory
Acinetobacter_96,blaADC-73,KEMADPAN_01144,Core
Acinetobacter_96,armA,KEMADPAN_01459,Accessory
Acinetobacter_96,msr(E),KEMADPAN_01462,Accessory
Acinetobacter_96,mph(E),KEMADPAN_01463,Accessory
Acinetobacter_96,sul2,KEMADPAN_02028,Accessory
Acinetobacter_96,blaOXA-66,KEMADPAN_02315,Core
Acinetobacter_96,blaTEM-1,KEMADPAN_02739,Accessory
Acinetobacter_96,blaOXA-23,KEMADPAN_02883,Accessory
Acinetobacter_96,aph(3'')-Ib,KEMADPAN_03833,Accessory
Acinetobacter_96,aph(6)-Id,KEMADPAN_03834,Accessory
Acinetobacter_96,tet(B),KEMADPAN_03839,Accessory
Acinetobacter_96,blaOXA-23,KEMADPAN_03844,Accessory
Acinetobacter_96,sul2,KEMADPAN_03861,Accessory
Acinetobacter_96,ant(3'')-IIa,KEMADPAN_03961,Core
Acinetobacter_96,aph(3')-VIb,KEMADPAN_04115,Accessory
Acinetobacter_XH858,ant(3'')-IIa,HPJNOLEP_00143,Core
Acinetobacter_XH858,blaOXA-23,HPJNOLEP_01014,Accessory
Acinetobacter_XH858,blaOXA-23,HPJNOLEP_01023,Accessory
Acinetobacter_XH858,blaOXA-23,HPJNOLEP_01032,Accessory
Acinetobacter_XH858,blaOXA,HPJNOLEP_01042,Accessory
Acinetobacter_XH858,blaOXA-23,HPJNOLEP_01052,Accessory
Acinetobacter_XH858,blaOXA-68,HPJNOLEP_01821,Core
Acinetobacter_XH858,blaADC-76,HPJNOLEP_02917,Core
Acinetobacter_XH858,sul2,HPJNOLEP_03029,Accessory
Acinetobacter_XH858,tet(B),HPJNOLEP_03031,Accessory
Acinetobacter_XH858,aph(6)-Id,HPJNOLEP_03036,Accessory
Acinetobacter_XH858,aph(3'')-Ib,HPJNOLEP_03037,Accessory
Acinetobacter_XH1041,aac(3)-IId,KGCBEBEM_04044,Accessory
Acinetobacter_XH1041,aph(3')-VIa,KGCBEBEM_04066,Accessory
Acinetobacter_XH1041,blaOXA-58,NA,Unknown
Acinetobacter_XH1041,ant(3'')-IIa,KGCBEBEM_00147,Core
Acinetobacter_XH1041,blaOXA-23,KGCBEBEM_01015,Accessory
Acinetobacter_XH1041,blaOXA-23,KGCBEBEM_01024,Accessory
Acinetobacter_XH1041,blaOXA-68,KGCBEBEM_01796,Core
Acinetobacter_XH1041,blaADC-76,KGCBEBEM_02894,Core
Acinetobacter_XH1041,sul2,KGCBEBEM_03006,Accessory
Acinetobacter_XH1041,tet(B),KGCBEBEM_03008,Accessory
Acinetobacter_XH1041,aph(6)-Id,KGCBEBEM_03013,Accessory
Acinetobacter_XH1041,aph(3'')-Ib,KGCBEBEM_03014,Accessory
Enterobacter_3143,blaCMH,JKKLIAPM_00390,Accessory
Enterobacter_3143,fosA,JKKLIAPM_00540,Accessory
Enterobacter_3143,oqxB,JKKLIAPM_02206,Accessory
Enterobacter_3143,oqxA,JKKLIAPM_02207,Accessory
Enterobacter_ATCC_13047,sul2,ADFEMJLK_01082,Accessory
Enterobacter_ATCC_13047,oqxA,ADFEMJLK_02529,Accessory
Enterobacter_ATCC_13047,oqxB,ADFEMJLK_02530,Accessory
Enterobacter_ATCC_13047,fosA,ADFEMJLK_04232,Accessory
Enterobacter_ATCC_13047,blaCMH-4,ADFEMJLK_04386,Accessory
Enterobacter_STK49-C,blaCMH,PAKFNHPM_00384,Accessory
Enterobacter_STK49-C,fosA,PAKFNHPM_00552,Accessory
Enterobacter_STK49-C,oqxB,PAKFNHPM_02047,Accessory
Enterobacter_STK49-C,oqxA,PAKFNHPM_02048,Accessory
Enterobacter_STK49-C,blaIMI-1,PAKFNHPM_03000,Accessory
Enterobacter_STK71-C,blaCMH,IIFKNFLO_00399,Accessory
Enterobacter_STK71-C,fosA,IIFKNFLO_00550,Accessory
Enterobacter_STK71-C,oqxB,IIFKNFLO_02162,Accessory
Enterobacter_STK71-C,oqxA,IIFKNFLO_02163,Accessory
Enterobacter_STK71-C,blaIMI-1,IIFKNFLO_03109,Accessory
Enterobacter_CZ862,blaTEM-1,EKOBGIND_00108,Accessory
Enterobacter_CZ862,catA2,EKOBGIND_00115,Accessory
Enterobacter_CZ862,aac(6')-Ib3,EKOBGIND_00118,Accessory
Enterobacter_CZ862,aph(3')-Ia,EKOBGIND_00364,Accessory
Enterobacter_CZ862,blaCMH-16,EKOBGIND_03369,Accessory
Enterobacter_CZ862,fosA,EKOBGIND_03510,Accessory
Enterobacter_CZ862,aph(3')-Ia,EKOBGIND_04461,Accessory
Enterobacter_CZ862,aph(3')-Ia,EKOBGIND_04763,Accessory
Enterobacter_CZ862,sul2,EKOBGIND_05109,Accessory
Enterobacter_CZ862,blaGES-5,EKOBGIND_05407,Accessory
Enterobacter_CZ862,blaGES-1,EKOBGIND_05408,Accessory
Enterobacter_CZ862,aadA15,NA,Unknown
Enterobacter_CZ862,aadA2,NA,Unknown
Enterobacter_CZ862,qacEdelta1,EKOBGIND_05439,Accessory
Enterobacter_CZ862,sul1,EKOBGIND_05440,Accessory
Enterobacter_CZ862,qnrB2,EKOBGIND_05444,Accessory
Enterobacter_CZ862,qacE,NA,Unknown
Enterobacter_CZ862,sul1,EKOBGIND_05446,Accessory
Enterobacter_EFN743,dfrA14,OMHCOPEJ_00072,Accessory
Enterobacter_EFN743,qnrB1,OMHCOPEJ_00076,Accessory
Enterobacter_EFN743,aac(3)-IIe,OMHCOPEJ_00085,Accessory
Enterobacter_EFN743,catB3,OMHCOPEJ_00087,Accessory
Enterobacter_EFN743,blaOXA-1,OMHCOPEJ_00088,Accessory
Enterobacter_EFN743,aac(6')-Ib-cr5,OMHCOPEJ_00089,Accessory
Enterobacter_EFN743,blaCTX-M-15,OMHCOPEJ_00093,Accessory
Enterobacter_EFN743,blaTEM-1,OMHCOPEJ_00098,Accessory
Enterobacter_EFN743,aph(6)-Id,OMHCOPEJ_00100,Accessory
Enterobacter_EFN743,aph(3'')-Ib,OMHCOPEJ_00101,Accessory
Enterobacter_EFN743,sul2,OMHCOPEJ_00102,Accessory
Enterobacter_EFN743,tet(A),OMHCOPEJ_00150,Accessory
Enterobacter_EFN743,oqxA,OMHCOPEJ_02696,Accessory
Enterobacter_EFN743,oqxB,OMHCOPEJ_02697,Accessory
Enterobacter_EFN743,fosA,OMHCOPEJ_04453,Accessory
Enterobacter_EFN743,blaCMH-9,OMHCOPEJ_04599,Accessory
Enterobacter_EFN743,aadA1,OMHCOPEJ_05121,Accessory
Enterobacter_EFN743,sat2,OMHCOPEJ_05122,Accessory
Enterobacter_EFN743,dfrA1,OMHCOPEJ_05123,Accessory
Enterobacter_EFN743,blaOXA-181,OMHCOPEJ_05200,Accessory
Enterobacter_CZ-1,oqxB,COGLGEMM_02504,Accessory
Enterobacter_CZ-1,oqxA,COGLGEMM_02505,Accessory
Enterobacter_CZ-1,fosA,COGLGEMM_04076,Accessory
Enterobacter_CZ-1,blaACT,COGLGEMM_04216,Accessory
Enterobacter_SBP-8,blaCMH,IPFGIDEJ_00375,Accessory
Enterobacter_SBP-8,fosA,IPFGIDEJ_00509,Accessory
Enterobacter_SBP-8,oqxB,IPFGIDEJ_01966,Accessory
Enterobacter_SBP-8,oqxA,IPFGIDEJ_01967,Accessory
Enterobacter_POL9,blaCMH,DHGDCEAL_00418,Accessory
Enterobacter_POL9,fosA,DHGDCEAL_00575,Accessory
Enterobacter_POL9,oqxB,DHGDCEAL_02148,Accessory
Enterobacter_POL9,oqxA,DHGDCEAL_02149,Accessory
Enterobacter_STK39-C,blaCMH,POOKNMEP_00384,Accessory
Enterobacter_STK39-C,fosA,POOKNMEP_00525,Accessory
Enterobacter_STK39-C,oqxB,POOKNMEP_02091,Accessory
Enterobacter_STK39-C,oqxA,POOKNMEP_02092,Accessory
Enterobacter_STK39-C,blaIMI-1,POOKNMEP_03020,Accessory
Enterobacter_53EVA,blaCMH,NPHFFHGE_00472,Accessory
Enterobacter_53EVA,oqxB,NPHFFHGE_02170,Accessory
Enterobacter_53EVA,oqxA,NPHFFHGE_02171,Accessory
Enterobacter_53EVA,tet(M),NPHFFHGE_04722,Accessory
Enterobacter_53EVA,sul2,NPHFFHGE_04736,Accessory
Enterobacter_53EVA,tet(X4),NA,Unknown
Enterobacter_53EVA,floR,NPHFFHGE_04743,Accessory
Enterobacter_53EVA,dfrA12,NPHFFHGE_04751,Accessory
Enterobacter_53EVA,aadA2,NA,Unknown
Enterobacter_53EVA,cmlA1,NPHFFHGE_04753,Accessory
Enterobacter_53EVA,aadA1,NA,Unknown
Enterobacter_53EVA,qacL,NPHFFHGE_04755,Accessory
Enterobacter_53EVA,sul3,NPHFFHGE_04757,Accessory
Enterobacter_53EVA,blaTEM-1,NPHFFHGE_04765,Accessory
Enterobacter_53EVA,qnrS1,NPHFFHGE_04767,Accessory
Enterobacter_53EVA,fosA4,NPHFFHGE_04905,Accessory
Enterobacter_ECC-003,blaCMH-25,LFMCPLOF_00997,Accessory
Enterobacter_ECC-003,fosA,LFMCPLOF_01167,Accessory
Enterobacter_ECC-003,oqxB,LFMCPLOF_02806,Accessory
Enterobacter_ECC-003,oqxA,LFMCPLOF_02807,Accessory
Enterobacter_ECC-003,floR,LFMCPLOF_04767,Accessory
Enterobacter_ECC-003,tet(C),LFMCPLOF_04859,Accessory
Enterobacter_ECC-003,mph(A),LFMCPLOF_04863,Accessory
Enterobacter_ECC-003,mrx(A),LFMCPLOF_04864,Accessory
Enterobacter_ECC-003,sul1,LFMCPLOF_04870,Accessory
Enterobacter_ECC-003,qacEdelta1,LFMCPLOF_04871,Accessory
Enterobacter_ECC-003,aadA2,NA,Unknown
Enterobacter_ECC-003,dfrA12,LFMCPLOF_04873,Accessory
Enterobacter_ECC-003,qnrD1,LFMCPLOF_04881,Accessory
Enterobacter_ECC-003,blaOXA-48,LFMCPLOF_04893,Accessory
Enterobacter_GGT036,blaCMH,GHOMJFAF_00391,Accessory
Enterobacter_GGT036,fosA,GHOMJFAF_00564,Accessory
Enterobacter_GGT036,oqxB,GHOMJFAF_02072,Accessory
Enterobacter_GGT036,oqxA,GHOMJFAF_02073,Accessory
Enterobacter_ECC-068,blaCMH-17,FCELMNLF_01012,Accessory
Enterobacter_ECC-068,fosA,FCELMNLF_01163,Accessory
Enterobacter_ECC-068,oqxB,FCELMNLF_02812,Accessory
Enterobacter_ECC-068,oqxA,FCELMNLF_02813,Accessory
Enterobacter_SD21,blaCMH-7,EBMPGEIC_00386,Accessory
Enterobacter_SD21,fosA,EBMPGEIC_00527,Accessory
Enterobacter_SD21,oqxB,EBMPGEIC_02000,Accessory
Enterobacter_SD21,oqxA,EBMPGEIC_02001,Accessory
Enterobacter_SD21,qnrS1,EBMPGEIC_04548,Accessory
Enterobacter_SD21,blaCTX-M-55,EBMPGEIC_04554,Accessory
Enterobacter_SD21,blaTEM-1,EBMPGEIC_04559,Accessory
Enterobacter_SD21,rmtB1,EBMPGEIC_04560,Accessory
Enterobacter_SD21,fosA3,EBMPGEIC_04565,Accessory
Enterobacter_SD21,aac(3)-IId,EBMPGEIC_04567,Accessory
Enterobacter_SD21,aadA22,NA,Unknown
Enterobacter_SD21,lnu(F),EBMPGEIC_04574,Accessory
Enterobacter_SD21,sul3,EBMPGEIC_04580,Accessory
Enterobacter_SD21,tet(A),EBMPGEIC_04602,Accessory
Enterobacter_SD21,aph(6)-Id,EBMPGEIC_04605,Accessory
Enterobacter_SD21,floR,EBMPGEIC_04610,Accessory
Enterobacter_SD21,aph(3')-Ia,EBMPGEIC_04628,Accessory
Enterobacter_SD21,mrx(A),EBMPGEIC_04632,Accessory
Enterobacter_SD21,mph(A),EBMPGEIC_04633,Accessory
Enterobacter_SD21,arr-2,EBMPGEIC_04636,Accessory
Enterobacter_SD21,dfrA14,EBMPGEIC_04637,Accessory
Enterobacter_SD21,mcr-8.2,EBMPGEIC_04837,Accessory
Enterobacter_SDM,blaCMH,CGKPFPHI_00415,Accessory
Enterobacter_SDM,fosA,CGKPFPHI_00570,Accessory
Enterobacter_SDM,oqxB,CGKPFPHI_02145,Accessory
Enterobacter_SDM,oqxA,CGKPFPHI_02146,Accessory
Enterobacter_GX1Z-1L,blaCMH,CMHPHCEL_01453,Accessory
Enterobacter_GX1Z-1L,oqxB,CMHPHCEL_03228,Accessory
Enterobacter_GX1Z-1L,oqxA,CMHPHCEL_03229,Accessory
Enterobacter_GX1Z-1L,lnu(G),CMHPHCEL_04655,Accessory
Enterobacter_GX1Z-1L,aadA22,NA,Unknown
Enterobacter_GX1Z-1L,blaTEM-1,CMHPHCEL_04767,Accessory
Enterobacter_GX1Z-1L,qnrS1,CMHPHCEL_04773,Accessory
Enterobacter_GX1Z-1L,tet(A),CMHPHCEL_04789,Accessory
Enterobacter_GX1Z-1L,aph(6)-Id,CMHPHCEL_04818,Accessory
Enterobacter_GX1Z-1L,aph(3'')-Ib,CMHPHCEL_04819,Accessory
Enterobacter_GX1Z-1L,qnrS1,CMHPHCEL_04847,Accessory
Enterobacter_GX1Z-1L,blaTEM-1,CMHPHCEL_04862,Accessory
Enterobacter_GX1Z-1L,aph(6)-Id,CMHPHCEL_04864,Accessory
Enterobacter_GX1Z-1L,aph(3'')-Ib,CMHPHCEL_04865,Accessory
Enterobacter_GX1Z-1L,sul2,CMHPHCEL_04866,Accessory
Enterobacter_GX1Z-1L,dfrA14,CMHPHCEL_04871,Accessory
Enterobacter_GX1Z-1L,floR,CMHPHCEL_04891,Accessory
Enterobacter_GX1Z-1L,tet(X4),NA,Unknown
Enterobacter_MY490,blaCMH-4,OCFMPEMJ_01206,Accessory
Enterobacter_MY490,fosA,OCFMPEMJ_01345,Accessory
Enterobacter_MY490,oqxB,OCFMPEMJ_03097,Accessory
Enterobacter_MY490,oqxA,OCFMPEMJ_03098,Accessory
Enterobacter_MY490,ant(2'')-Ia,OCFMPEMJ_05033,Accessory
Enterobacter_MY490,catB8,OCFMPEMJ_05034,Accessory
Enterobacter_MY490,blaOXA-10,OCFMPEMJ_05035,Accessory
Enterobacter_MY490,aadA1,OCFMPEMJ_05036,Accessory
Enterobacter_MY490,qacEdelta1,OCFMPEMJ_05037,Accessory
Enterobacter_MY490,sul1,OCFMPEMJ_05038,Accessory
Enterobacter_MY490,aph(3')-Ia,OCFMPEMJ_05055,Accessory
Enterobacter_MY490,mph(A),OCFMPEMJ_05057,Accessory
Enterobacter_MY490,mrx(A),OCFMPEMJ_05058,Accessory
Enterobacter_MY490,dfrA12,NA,Unknown
Enterobacter_MY490,aadA21,NA,Unknown
Enterobacter_MY490,qacEdelta1,OCFMPEMJ_05069,Accessory
Enterobacter_MY490,sul1,OCFMPEMJ_05070,Accessory
Enterobacter_MY490,blaTEM-1,OCFMPEMJ_04962,Accessory
Enterobacter_MY490,qnrS1,OCFMPEMJ_04970,Accessory
Enterobacter_MY490,sul1,NA,Unknown
Enterobacter_MY490,qacEdelta1,OCFMPEMJ_04977,Accessory
Enterobacter_MY490,aadA2,NA,Unknown
Enterobacter_MY490,dfrA12,OCFMPEMJ_04979,Accessory
Enterobacter_MY490,floR,OCFMPEMJ_04988,Accessory
Enterobacter_MY490,sul2,OCFMPEMJ_04992,Accessory
Enterobacter_MY490,tet(A),OCFMPEMJ_04999,Accessory
Enterobacter_MY490,aph(3'')-Ib,NA,Unknown
Enterobacter_MY490,aph(6)-Id,OCFMPEMJ_05004,Accessory
Enterobacter_DSM_30054,fosA,GCNELNNK_01060,Accessory
Enterobacter_DSM_30054,blaCMH-4,GCNELNNK_01213,Accessory
Enterobacter_DSM_30054,sul2,GCNELNNK_03124,Accessory
Enterobacter_DSM_30054,oqxA,GCNELNNK_04571,Accessory
Enterobacter_DSM_30054,oqxB,GCNELNNK_04572,Accessory
Enterococcus_AUS2002,dfrF,OGMJDGAN_01401,Accessory
Enterococcus_AUS2002,tet(M),OGMJDGAN_01624,Accessory
Enterococcus_AUS2002,aac(6')-I,OGMJDGAN_02242,Core
Enterococcus_AUS2002,vanX-D,OGMJDGAN_02652,Accessory
Enterococcus_AUS2002,vanD,OGMJDGAN_02653,Accessory
Enterococcus_AUS2002,vanH-D,OGMJDGAN_02654,Accessory
Enterococcus_AUS2002,vanY-D,OGMJDGAN_02655,Accessory
Enterococcus_AUS2002,vanS-D,OGMJDGAN_02656,Accessory
Enterococcus_AUS2002,vanR-D,OGMJDGAN_02657,Accessory
Enterococcus_AUS2002,msr(C),OGMJDGAN_02780,Core
Enterococcus_AUS2002,aac(6')-Ie/aph(2'')-Ia,OGMJDGAN_03030,Accessory
Enterococcus_AUS2002,erm(B),OGMJDGAN_03196,Accessory
Enterococcus_AUS2002,aph(3')-IIIa,OGMJDGAN_03197,Accessory
Enterococcus_AUS2002,ant(6)-Ia,OGMJDGAN_03201,Accessory
Enterococcus_AUS2002,lnu(B),OGMJDGAN_03206,Accessory
Enterococcus_AUS2002,lsa(E),OGMJDGAN_03207,Accessory
Enterococcus_DSM_20477,aac(6')-I,CCJEOMHJ_01999,Core
Enterococcus_DSM_20477,msr(C),CCJEOMHJ_02364,Core
Enterococcus_EF9953,aac(6')-I,EGLFCKPH_02382,Core
Enterococcus_EF9953,msr(C),EGLFCKPH_02749,Core
Enterococcus_EF9953,tet(L),EGLFCKPH_02992,Accessory
Enterococcus_EF9953,ant(6)-Ia,NA,Unknown
Enterococcus_EF9953,aph(3')-IIIa,EGLFCKPH_02999,Accessory
Enterococcus_EF9953,erm(B),EGLFCKPH_03000,Accessory
Enterococcus_EF9953,vanZ-A,EGLFCKPH_03217,Accessory
Enterococcus_EF9953,vanY-A,NA,Unknown
Enterococcus_EF9953,vanX-A,EGLFCKPH_03219,Accessory
Enterococcus_EF9953,vanA,EGLFCKPH_03220,Accessory
Enterococcus_EF9953,vanH-A,EGLFCKPH_03221,Accessory
Enterococcus_EF9953,vanS-A,NA,Unknown
Enterococcus_EF9953,vanR-A,EGLFCKPH_03223,Accessory
Enterococcus_EF9953,erm(B),NA,Unknown
Enterococcus_EF9953,aac(6')-Ie/aph(2'')-Ia,EGLFCKPH_03237,Accessory
Enterococcus_EF9953,ant(6)-Ia,NA,Unknown
Enterococcus_EF9953,sat4,EGLFCKPH_03258,Accessory
Enterococcus_EF9953,aph(3')-IIIa,EGLFCKPH_03259,Accessory
Enterococcus_EF9953,tet(S),EGLFCKPH_03269,Accessory
Enterococcus_Dallas_100_1,dfrF,FDJAPHEK_01614,Accessory
Enterococcus_Dallas_100_1,aac(6')-I,FDJAPHEK_02355,Core
Enterococcus_Dallas_100_1,msr(C),FDJAPHEK_02744,Core
Enterococcus_Dallas_100_1,aac(6')-Ie/aph(2'')-Ia,NA,Unknown
Enterococcus_Dallas_100_1,erm(B),FDJAPHEK_03109,Accessory
Enterococcus_Dallas_100_1,ant(6)-Ia,NA,Unknown
Enterococcus_Dallas_100_1,sat4,FDJAPHEK_03117,Accessory
Enterococcus_Dallas_100_1,aph(3')-IIIa,FDJAPHEK_03118,Accessory
Enterococcus_Dallas_100_1,vanR-A,FDJAPHEK_03129,Accessory
Enterococcus_Dallas_100_1,vanS-A,NA,Unknown
Enterococcus_Dallas_100_1,vanH-A,FDJAPHEK_03132,Accessory
Enterococcus_Dallas_100_1,vanA,FDJAPHEK_03133,Accessory
Enterococcus_Dallas_100_1,vanX-A,FDJAPHEK_03134,Accessory
Enterococcus_Dallas_100_1,vanY-A,FDJAPHEK_03135,Accessory
Enterococcus_Dallas_100_1,vanZ-A,FDJAPHEK_03136,Accessory
Enterococcus_2014-VREF-41,ant(9)-Ia,LHIOKKMF_00122,Accessory
Enterococcus_2014-VREF-41,erm(A),LHIOKKMF_00123,Accessory
Enterococcus_2014-VREF-41,dfrF,LHIOKKMF_00819,Accessory
Enterococcus_2014-VREF-41,msr(C),LHIOKKMF_02412,Core
Enterococcus_2014-VREF-41,aac(6')-I,LHIOKKMF_02847,Core
Enterococcus_2014-VREF-41,ant(9)-Ia,LHIOKKMF_02943,Accessory
Enterococcus_2014-VREF-41,erm(A),LHIOKKMF_02944,Accessory
Enterococcus_2014-VREF-41,aac(6')-Ie/aph(2'')-Ia,NA,Unknown
Enterococcus_2014-VREF-41,aph(3')-IIIa,LHIOKKMF_03188,Accessory
Enterococcus_2014-VREF-41,erm(B),LHIOKKMF_03189,Accessory
Enterococcus_2014-VREF-41,vanZ-A,LHIOKKMF_03220,Accessory
Enterococcus_2014-VREF-41,vanY-A,LHIOKKMF_03221,Accessory
Enterococcus_2014-VREF-41,vanX-A,LHIOKKMF_03223,Accessory
Enterococcus_2014-VREF-41,vanA,LHIOKKMF_03224,Accessory
Enterococcus_2014-VREF-41,vanH-A,LHIOKKMF_03225,Accessory
Enterococcus_2014-VREF-41,vanS-A,NA,Unknown
Enterococcus_2014-VREF-41,vanR-A,LHIOKKMF_03227,Accessory
Enterococcus_Dallas_144_1,tet(M),EEKMHMKB_00054,Accessory
Enterococcus_Dallas_144_1,dfrF,EEKMHMKB_01426,Accessory
Enterococcus_Dallas_144_1,aac(6')-I,EEKMHMKB_02342,Core
Enterococcus_Dallas_144_1,msr(C),EEKMHMKB_02725,Core
Enterococcus_Dallas_144_1,dfrG,EEKMHMKB_03095,Accessory
Enterococcus_Dallas_144_1,erm(B),EEKMHMKB_02903,Accessory
Enterococcus_Dallas_144_1,ant(6)-Ia,EEKMHMKB_02909,Accessory
Enterococcus_Dallas_144_1,sat4,EEKMHMKB_02911,Accessory
Enterococcus_Dallas_144_1,aph(3')-IIIa,EEKMHMKB_02912,Accessory
Enterococcus_Dallas_144_1,vanZ-A,EEKMHMKB_02938,Accessory
Enterococcus_Dallas_144_1,vanY-A,EEKMHMKB_02939,Accessory
Enterococcus_Dallas_144_1,vanX-A,EEKMHMKB_02940,Accessory
Enterococcus_Dallas_144_1,vanA,EEKMHMKB_02941,Accessory
Enterococcus_Dallas_144_1,vanH-A,EEKMHMKB_02942,Accessory
Enterococcus_Dallas_144_1,vanS-A,NA,Unknown
Enterococcus_Dallas_144_1,vanR-A,EEKMHMKB_02945,Accessory
Enterococcus_ISMMS_VRE_1,aac(6')-Ie/aph(2'')-Ia,CMJDAPHL_00247,Accessory
Enterococcus_ISMMS_VRE_1,aac(6')-Ie/aph(2'')-Ia,CMJDAPHL_01852,Accessory
Enterococcus_ISMMS_VRE_1,qacZ,CMJDAPHL_01856,Accessory
Enterococcus_ISMMS_VRE_1,erm(T),CMJDAPHL_02194,Accessory
Enterococcus_ISMMS_VRE_1,tet(L),CMJDAPHL_02199,Accessory
Enterococcus_ISMMS_VRE_1,tet(M),CMJDAPHL_02200,Accessory
Enterococcus_ISMMS_VRE_1,tet(M),CMJDAPHL_02429,Accessory
Enterococcus_ISMMS_VRE_1,dfrG,CMJDAPHL_02430,Accessory
Enterococcus_ISMMS_VRE_1,msr(C),CMJDAPHL_02658,Core
Enterococcus_ISMMS_VRE_1,aac(6')-I,CMJDAPHL_03038,Core
Enterococcus_ISMMS_VRE_1,vanZ-A,CMJDAPHL_03210,Accessory
Enterococcus_ISMMS_VRE_1,vanY-A,CMJDAPHL_03211,Accessory
Enterococcus_ISMMS_VRE_1,vanX-A,CMJDAPHL_03212,Accessory
Enterococcus_ISMMS_VRE_1,vanA,CMJDAPHL_03213,Accessory
Enterococcus_ISMMS_VRE_1,vanH-A,CMJDAPHL_03214,Accessory
Enterococcus_ISMMS_VRE_1,vanS-A,NA,Unknown
Enterococcus_ISMMS_VRE_1,vanR-A,CMJDAPHL_03217,Accessory
Enterococcus_ISMMS_VRE_1,aph(3')-IIIa,CMJDAPHL_03221,Accessory
Enterococcus_ISMMS_VRE_1,sat4,CMJDAPHL_03222,Accessory
Enterococcus_ISMMS_VRE_1,ant(6)-Ia,CMJDAPHL_03223,Accessory
Enterococcus_ISMMS_VRE_1,erm(B),CMJDAPHL_03229,Accessory
Enterococcus_JHP80,vanR-B,MJBCJPAE_00303,Accessory
Enterococcus_JHP80,vanS-B,MJBCJPAE_00304,Accessory
Enterococcus_JHP80,vanY-B,MJBCJPAE_00305,Accessory
Enterococcus_JHP80,vanW-B,MJBCJPAE_00306,Accessory
Enterococcus_JHP80,vanH-B,MJBCJPAE_00307,Accessory
Enterococcus_JHP80,vanB,MJBCJPAE_00308,Accessory
Enterococcus_JHP80,vanX-B,MJBCJPAE_00309,Accessory
Enterococcus_JHP80,aac(6')-I,MJBCJPAE_02246,Core
Enterococcus_JHP80,msr(C),MJBCJPAE_02793,Core
Enterococcus_JHP80,aph(3')-IIIa,MJBCJPAE_03081,Accessory
Enterococcus_JHP80,sat4,MJBCJPAE_03082,Accessory
Enterococcus_JHP80,ant(6)-Ia,MJBCJPAE_03083,Accessory
Enterococcus_JHP80,erm(B),MJBCJPAE_03089,Accessory
Enterococcus_6E6,aac(6')-I,GOCPOFIL_00398,Core
Enterococcus_6E6,tet(M),GOCPOFIL_01079,Accessory
Enterococcus_6E6,dfrF,GOCPOFIL_01299,Accessory
Enterococcus_6E6,msr(C),GOCPOFIL_02790,Core
Enterococcus_6E6,vanR-A,GOCPOFIL_03370,Accessory
Enterococcus_6E6,vanS-A,NA,Unknown
Enterococcus_6E6,vanH-A,GOCPOFIL_03372,Accessory
Enterococcus_6E6,vanA,GOCPOFIL_03373,Accessory
Enterococcus_6E6,vanX-A,GOCPOFIL_03374,Accessory
Enterococcus_6E6,vanY-A,GOCPOFIL_03375,Accessory
Enterococcus_6E6,vanZ-A,GOCPOFIL_03376,Accessory
Enterococcus_6E6,erm(B),GOCPOFIL_03417,Accessory
Enterococcus_6E6,aph(3')-IIIa,GOCPOFIL_03418,Accessory
Enterococcus_AA620,dfrG,OFMBFFJI_00059,Accessory
Enterococcus_AA620,tet(M),OFMBFFJI_00060,Accessory
Enterococcus_AA620,tet(M),OFMBFFJI_00302,Accessory
Enterococcus_AA620,tet(L),OFMBFFJI_00303,Accessory
Enterococcus_AA620,aac(6')-I,OFMBFFJI_02236,Core
Enterococcus_AA620,vanX-D,OFMBFFJI_02664,Accessory
Enterococcus_AA620,vanD,OFMBFFJI_02665,Accessory
Enterococcus_AA620,vanH-D,OFMBFFJI_02666,Accessory
Enterococcus_AA620,vanY-D,OFMBFFJI_02667,Accessory
Enterococcus_AA620,vanS-D,NA,Unknown
Enterococcus_AA620,vanR-D,OFMBFFJI_02670,Accessory
Enterococcus_AA620,msr(C),OFMBFFJI_02804,Core
Enterococcus_AA620,tet(M),OFMBFFJI_03123,Accessory
Enterococcus_NY11066,dfrF,GPMFKIOF_01341,Accessory
Enterococcus_NY11066,aac(6')-I,GPMFKIOF_02282,Core
Enterococcus_NY11066,msr(C),GPMFKIOF_02713,Core
Enterococcus_NY11066,aac(6')-Ie/aph(2'')-Ia,GPMFKIOF_02935,Accessory
Enterococcus_NY11066,vanY-A,GPMFKIOF_03102,Accessory
Enterococcus_NY11066,vanZ-A,GPMFKIOF_03103,Accessory
Enterococcus_NY11066,vanR-A,GPMFKIOF_03116,Accessory
Enterococcus_NY11066,vanS-A,NA,Unknown
Enterococcus_NY11066,vanH-A,GPMFKIOF_03118,Accessory
Enterococcus_NY11066,vanA,GPMFKIOF_03119,Accessory
Enterococcus_NY11066,vanX-A,GPMFKIOF_03120,Accessory
Enterococcus_NY11066,aph(3')-IIIa,GPMFKIOF_03128,Accessory
Enterococcus_NY11066,erm(B),GPMFKIOF_03129,Accessory
Enterococcus_Com15,aac(6')-I,CHACAKGF_01816,Core
Enterococcus_Com15,msr(C),CHACAKGF_02140,Core
Enterococcus_E1,msr(C),PFLBEEHL_00082,Core
Enterococcus_E1,aac(6')-I,PFLBEEHL_00511,Core
Enterococcus_E1,dfrF,PFLBEEHL_01316,Accessory
Enterococcus_E1,dfrG,PFLBEEHL_01622,Accessory
Enterococcus_E1,mef(H),PFLBEEHL_01897,Accessory
Enterococcus_E1,aph(3')-IIIa,PFLBEEHL_03047,Accessory
Enterococcus_E1,sat4,PFLBEEHL_03048,Accessory
Enterococcus_E1,ant(6)-Ia,PFLBEEHL_03049,Accessory
Enterococcus_E1,erm(B),PFLBEEHL_03055,Accessory
Enterococcus_VRE_04,ant(6)-Ia,PGOHELML_03336,Accessory
Enterococcus_VRE_04,sat4,PGOHELML_03337,Accessory
Enterococcus_VRE_04,aph(3')-IIIa,PGOHELML_03338,Accessory
Enterococcus_VRE_04,erm(B),PGOHELML_03344,Accessory
Enterococcus_VRE_04,msr(C),PGOHELML_00965,Core
Enterococcus_VRE_04,aac(6')-I,PGOHELML_01399,Core
Enterococcus_VRE_04,vanR-B,PGOHELML_01510,Accessory
Enterococcus_VRE_04,vanS-B,PGOHELML_01511,Accessory
Enterococcus_VRE_04,vanY-B,PGOHELML_01512,Accessory
Enterococcus_VRE_04,vanW-B,PGOHELML_01513,Accessory
Enterococcus_VRE_04,vanH-B,PGOHELML_01514,Accessory
Enterococcus_VRE_04,vanB,PGOHELML_01515,Accessory
Enterococcus_VRE_04,vanX-B,PGOHELML_01516,Accessory
Enterococcus_VRE_04,dfrG,PGOHELML_02580,Accessory
Enterococcus_VRE_04,mef(H),PGOHELML_02862,Accessory
Enterococcus_AA622,dfrG,IKNIBHCM_00060,Accessory
Enterococcus_AA622,tet(M),IKNIBHCM_00061,Accessory
Enterococcus_AA622,tet(M),IKNIBHCM_00299,Accessory
Enterococcus_AA622,tet(L),IKNIBHCM_00300,Accessory
Enterococcus_AA622,aac(6')-I,IKNIBHCM_02219,Core
Enterococcus_AA622,vanX-D,IKNIBHCM_02659,Accessory
Enterococcus_AA622,vanD,IKNIBHCM_02660,Accessory
Enterococcus_AA622,vanH-D,IKNIBHCM_02661,Accessory
Enterococcus_AA622,vanY-D,IKNIBHCM_02662,Accessory
Enterococcus_AA622,vanS-D,IKNIBHCM_02663,Accessory
Enterococcus_AA622,vanR-D,IKNIBHCM_02664,Accessory
Enterococcus_AA622,vanX-D,IKNIBHCM_02699,Accessory
Enterococcus_AA622,vanD,IKNIBHCM_02700,Accessory
Enterococcus_AA622,vanH-D,IKNIBHCM_02701,Accessory
Enterococcus_AA622,vanY-D,IKNIBHCM_02702,Accessory
Enterococcus_AA622,vanS-D,IKNIBHCM_02703,Accessory
Enterococcus_AA622,vanR-D,IKNIBHCM_02704,Accessory
Enterococcus_AA622,msr(C),IKNIBHCM_02840,Core
Enterococcus_AA622,erm(B),IKNIBHCM_03155,Accessory
Enterococcus_AA622,ant(6)-Ia,IKNIBHCM_03163,Accessory
Enterococcus_AA622,tet(M),IKNIBHCM_03297,Accessory
Enterococcus_UCH1,tet(M),GMAIAPAD_00053,Accessory
Enterococcus_UCH1,tet(M),NA,Unknown
Enterococcus_UCH1,tet(L),GMAIAPAD_00289,Accessory
Enterococcus_UCH1,dfrG,GMAIAPAD_00832,Accessory
Enterococcus_UCH1,dfrG,GMAIAPAD_01618,Accessory
Enterococcus_UCH1,aac(6')-I,GMAIAPAD_02350,Core
Enterococcus_UCH1,msr(C),GMAIAPAD_02729,Core
Enterococcus_UCH1,erm(B),GMAIAPAD_03212,Accessory
Enterococcus_UCH1,vanR-A,GMAIAPAD_03219,Accessory
Enterococcus_UCH1,vanS-A,NA,Unknown
Enterococcus_UCH1,vanH-A,GMAIAPAD_03222,Accessory
Enterococcus_UCH1,vanA,GMAIAPAD_03223,Accessory
Enterococcus_UCH1,vanX-A,GMAIAPAD_03224,Accessory
Enterococcus_UCH1,vanY-A,GMAIAPAD_03225,Accessory
Enterococcus_UCH1,vanZ-A,GMAIAPAD_03226,Accessory
Enterococcus_2016,dfrG,FDLBOJNN_00058,Accessory
Enterococcus_2016,tet(M),FDLBOJNN_00059,Accessory
Enterococcus_2016,tet(M),FDLBOJNN_00299,Accessory
Enterococcus_2016,tet(L),FDLBOJNN_00300,Accessory
Enterococcus_2016,aac(6')-I,FDLBOJNN_02302,Core
Enterococcus_2016,msr(C),FDLBOJNN_02702,Core
Enterococcus_2016,aac(6')-Ie/aph(2'')-Ia,FDLBOJNN_03058,Accessory
Enterococcus_2016,lsa(E),FDLBOJNN_03223,Accessory
Enterococcus_2016,lnu(B),FDLBOJNN_03224,Accessory
Enterococcus_2016,ant(6)-Ia,FDLBOJNN_03229,Accessory
Enterococcus_2016,aph(3')-IIIa,FDLBOJNN_03232,Accessory
Enterococcus_2016,erm(B),FDLBOJNN_03233,Accessory
Enterococcus_2016,vanR-A,FDLBOJNN_03266,Accessory
Enterococcus_2016,vanS-A,NA,Unknown
Enterococcus_2016,vanH-A,FDLBOJNN_03269,Accessory
Enterococcus_2016,vanA,FDLBOJNN_03270,Accessory
Enterococcus_2016,vanX-A,FDLBOJNN_03271,Accessory
Enterococcus_2016,vanY-A,FDLBOJNN_03272,Accessory
Enterococcus_2016,vanZ-A,FDLBOJNN_03273,Accessory
Enterococcus_VRE,aac(6')-Ie/aph(2'')-Ia,CKHIPNDA_03295,Accessory
Enterococcus_VRE,tet(L),CKHIPNDA_03320,Accessory
Enterococcus_VRE,tet(M),CKHIPNDA_03322,Accessory
Enterococcus_VRE,mef(H),CKHIPNDA_00939,Accessory
Enterococcus_VRE,dfrG,CKHIPNDA_01214,Accessory
Enterococcus_VRE,aac(6')-I,CKHIPNDA_02326,Core
Enterococcus_VRE,msr(C),CKHIPNDA_02823,Core
Enterococcus_VRE,erm(B),CKHIPNDA_03094,Accessory
Enterococcus_VRE,vanR-A,CKHIPNDA_03097,Accessory
Enterococcus_VRE,vanS-A,NA,Unknown
Enterococcus_VRE,vanH-A,CKHIPNDA_03099,Accessory
Enterococcus_VRE,vanA,CKHIPNDA_03100,Accessory
Enterococcus_VRE,vanX-A,CKHIPNDA_03101,Accessory
Enterococcus_2016C08,dfrG,CGJMKPHH_00060,Accessory
Enterococcus_2016C08,tet(M),CGJMKPHH_00061,Accessory
Enterococcus_2016C08,tet(M),CGJMKPHH_00299,Accessory
Enterococcus_2016C08,tet(L),CGJMKPHH_00300,Accessory
Enterococcus_2016C08,aac(6')-I,CGJMKPHH_02339,Core
Enterococcus_2016C08,msr(C),CGJMKPHH_02739,Core
Enterococcus_2016C08,aac(6')-Ie/aph(2'')-Ia,CGJMKPHH_03130,Accessory
Enterococcus_2016C08,erm(B),CGJMKPHH_03190,Accessory
Enterococcus_2016C08,aph(3')-IIIa,CGJMKPHH_03191,Accessory
Enterococcus_2016C08,ant(6)-Ia,CGJMKPHH_03195,Accessory
Enterococcus_2016C08,lnu(B),CGJMKPHH_03200,Accessory
Enterococcus_2016C08,lsa(E),CGJMKPHH_03201,Accessory
Enterococcus_2016C08,vanR-A,CGJMKPHH_03212,Accessory
Enterococcus_2016C08,vanS-A,NA,Unknown
Enterococcus_2016C08,vanH-A,CGJMKPHH_03215,Accessory
Enterococcus_2016C08,vanA,CGJMKPHH_03216,Accessory
Enterococcus_2016C08,vanX-A,CGJMKPHH_03217,Accessory
Enterococcus_2016C08,vanY-A,CGJMKPHH_03218,Accessory
Enterococcus_2016C08,vanZ-A,CGJMKPHH_03219,Accessory
Enterococcus_SRR24,aac(6')-I,PAANNGHF_02124,Core
Enterococcus_SRR24,msr(C),PAANNGHF_02609,Core
Enterococcus_SRR24,vanM,PAANNGHF_02831,Accessory
Enterococcus_SRR24,vanH-M,NA,Unknown
Enterococcus_SRR24,vanY-M,PAANNGHF_02833,Accessory
Enterococcus_SRR24,vanS-M,PAANNGHF_02834,Accessory
Enterococcus_SRR24,vanR-M,PAANNGHF_02835,Accessory
Klebsiella_TH12908,oqxB19,KJEEGMAE_01138,Accessory
Klebsiella_TH12908,oqxA,KJEEGMAE_01139,Accessory
Klebsiella_TH12908,blaSHV-11,KJEEGMAE_02709,Core
Klebsiella_TH12908,fosA,KJEEGMAE_04447,Core
Klebsiella_KP18-2073,oqxB,CDKMKNBK_01210,Accessory
Klebsiella_KP18-2073,oqxA,CDKMKNBK_01211,Accessory
Klebsiella_KP18-2073,blaSHV-11,CDKMKNBK_02758,Core
Klebsiella_KP18-2073,fosA,CDKMKNBK_04608,Core
Klebsiella_KP18-2073,blaSHV-11,CDKMKNBK_04995,Accessory
Klebsiella_KP18-2073,aph(3')-Ia,CDKMKNBK_05005,Accessory
Klebsiella_KP18-2073,tet(A),CDKMKNBK_05009,Accessory
Klebsiella_KP18-2073,blaCTX-M-65,CDKMKNBK_05643,Accessory
Klebsiella_KP18-2073,fosA3,CDKMKNBK_05647,Accessory
Klebsiella_KP18-2073,fosA3,CDKMKNBK_05650,Accessory
Klebsiella_KP18-2073,blaTEM-1,CDKMKNBK_05658,Accessory
Klebsiella_KP18-2073,rmtB1,CDKMKNBK_05659,Accessory
Klebsiella_KP18-2073,blaSHV-11,CDKMKNBK_05701,Accessory
Klebsiella_KP18-2073,blaKPC-2,CDKMKNBK_05706,Accessory
Klebsiella_KP18-2073,blaSHV-11,CDKMKNBK_05401,Accessory
Klebsiella_Bio3,oqxB,EJLFFEKG_02037,Accessory
Klebsiella_Bio3,oqxA,EJLFFEKG_02038,Accessory
Klebsiella_Bio3,fosA,EJLFFEKG_02084,Core
Klebsiella_Bio3,blaSHV-28,EJLFFEKG_04093,Core
Klebsiella_Bio3,sat2,EJLFFEKG_05102,Accessory
Klebsiella_Bio3,dfrA1,EJLFFEKG_05103,Accessory
Klebsiella_Bio3,dfrA12,NA,Unknown
Klebsiella_Bio3,aadA2,NA,Unknown
Klebsiella_Bio3,qacEdelta1,EJLFFEKG_05285,Accessory
Klebsiella_Bio3,sul1,EJLFFEKG_05286,Accessory
Klebsiella_Bio3,armA,EJLFFEKG_05290,Accessory
Klebsiella_Bio3,msr(E),EJLFFEKG_05293,Accessory
Klebsiella_Bio3,mph(E),EJLFFEKG_05294,Accessory
Klebsiella_Bio3,blaOXA-232,EJLFFEKG_05335,Accessory
Klebsiella_Bio3,dfrA14,EJLFFEKG_05336,Accessory
Klebsiella_Bio3,blaTEM-1,EJLFFEKG_05366,Accessory
Klebsiella_Bio3,tet(D),EJLFFEKG_05371,Accessory
Klebsiella_Bio3,catB3,EJLFFEKG_05382,Accessory
Klebsiella_Bio3,blaOXA-1,EJLFFEKG_05383,Accessory
Klebsiella_Bio3,aac(6')-Ib-cr5,EJLFFEKG_05384,Accessory
Klebsiella_Bio3,blaCTX-M-15,EJLFFEKG_05387,Accessory
Klebsiella_Bio3,mph(E),EJLFFEKG_05678,Accessory
Klebsiella_Bio3,msr(E),EJLFFEKG_05679,Accessory
Klebsiella_Bio3,armA,EJLFFEKG_05682,Accessory
Klebsiella_Bio3,sul1,EJLFFEKG_05686,Accessory
Klebsiella_Bio3,qacEdelta1,EJLFFEKG_05687,Accessory
Klebsiella_Bio3,aadA2,NA,Unknown
Klebsiella_Bio3,dfrA12,EJLFFEKG_05689,Accessory
Klebsiella_Bio3,blaTEM-1,EJLFFEKG_05690,Accessory
Klebsiella_Bio3,blaOXA-232,EJLFFEKG_05695,Accessory
Klebsiella_Bio3,dfrA14,EJLFFEKG_05720,Accessory
Klebsiella_Bio3,tet(D),EJLFFEKG_05735,Accessory
Klebsiella_Bio3,aac(6')-Ib-cr5,EJLFFEKG_05748,Accessory
Klebsiella_Bio3,blaOXA-1,EJLFFEKG_05749,Accessory
Klebsiella_Bio3,catB3,EJLFFEKG_05750,Accessory
Klebsiella_Bio3,blaCTX-M-15,EJLFFEKG_05756,Accessory
Klebsiella_DD02425,oqxB,JNMNFDGN_01212,Accessory
Klebsiella_DD02425,oqxA,JNMNFDGN_01213,Accessory
Klebsiella_DD02425,blaSHV-11,JNMNFDGN_02776,Core
Klebsiella_DD02425,sul1,JNMNFDGN_03089,Accessory
Klebsiella_DD02425,qacEdelta1,JNMNFDGN_03090,Accessory
Klebsiella_DD02425,aadA2,NA,Unknown
Klebsiella_DD02425,fosA,JNMNFDGN_04634,Core
Klebsiella_DD02425,tet(A),JNMNFDGN_04876,Accessory
Klebsiella_DD02425,blaOXA-1,JNMNFDGN_04881,Accessory
Klebsiella_DD02425,aac(6')-Ib-cr5,JNMNFDGN_04882,Accessory
Klebsiella_DD02425,blaCTX-M-15,JNMNFDGN_04886,Accessory
Klebsiella_DD02425,blaTEM-1,JNMNFDGN_04891,Accessory
Klebsiella_DD02425,mph(A),JNMNFDGN_04895,Accessory
Klebsiella_DD02425,mrx(A),JNMNFDGN_04896,Accessory
Klebsiella_DD02425,sul1,JNMNFDGN_04903,Accessory
Klebsiella_DD02425,qacEdelta1,JNMNFDGN_04904,Accessory
Klebsiella_DD02425,aadA2,NA,Unknown
Klebsiella_DD02425,dfrA12,JNMNFDGN_04906,Accessory
Klebsiella_DD02425,qnrB4,JNMNFDGN_04919,Accessory
Klebsiella_DD02425,blaDHA-1,JNMNFDGN_04926,Accessory
Klebsiella_DD02425,qacE,NA,Unknown
Klebsiella_DD02425,sul1,JNMNFDGN_04929,Accessory
Klebsiella_DD02425,armA,JNMNFDGN_04933,Accessory
Klebsiella_DD02425,msr(E),JNMNFDGN_04936,Accessory
Klebsiella_DD02425,mph(E),JNMNFDGN_04937,Accessory
Klebsiella_DD02425,blaTEM-1,JNMNFDGN_05141,Accessory
Klebsiella_DD02425,blaCTX-M-15,JNMNFDGN_05146,Accessory
Klebsiella_DD02425,aac(6')-Ib-cr5,JNMNFDGN_05150,Accessory
Klebsiella_DD02425,blaOXA-1,JNMNFDGN_05151,Accessory
Klebsiella_DD02425,tet(A),JNMNFDGN_05156,Accessory
Klebsiella_DD02425,aph(3')-Ia,JNMNFDGN_05160,Accessory
Klebsiella_DD02425,blaSHV,NA,Unknown
Klebsiella_DD02425,blaSHV-12,JNMNFDGN_05608,Accessory
Klebsiella_DD02425,blaKPC-2,JNMNFDGN_05613,Accessory
Klebsiella_DD02425,blaCTX-M-65,JNMNFDGN_05715,Accessory
Klebsiella_DD02425,fosA3,JNMNFDGN_05719,Accessory
Klebsiella_DD02425,blaTEM-1,JNMNFDGN_05727,Accessory
Klebsiella_DD02425,rmtB1,JNMNFDGN_05728,Accessory
Klebsiella_hvKP340,blaSHV-11,MHPNIMOJ_02718,Core
Klebsiella_hvKP340,fosA,MHPNIMOJ_04569,Core
Klebsiella_hvKP340,aac(6')-Ib-cr5,MHPNIMOJ_05472,Accessory
Klebsiella_hvKP340,arr-3,MHPNIMOJ_05473,Accessory
Klebsiella_hvKP340,dfrA27,NA,Unknown
Klebsiella_hvKP340,aadA16,MHPNIMOJ_05475,Accessory
Klebsiella_hvKP340,qacEdelta1,MHPNIMOJ_05476,Accessory
Klebsiella_hvKP340,sul1,MHPNIMOJ_05477,Accessory
Klebsiella_hvKP340,mrx(A),MHPNIMOJ_05482,Accessory
Klebsiella_hvKP340,mph(A),MHPNIMOJ_05483,Accessory
Klebsiella_hvKP340,blaNDM-1,MHPNIMOJ_05609,Accessory
Klebsiella_hvKP340,ble,MHPNIMOJ_05610,Accessory
Klebsiella_hvKP340,blaSHV-12,MHPNIMOJ_05624,Accessory
Klebsiella_hvKP340,blaCTX-M-65,MHPNIMOJ_05647,Accessory
Klebsiella_hvKP340,blaTEM-1,MHPNIMOJ_05656,Accessory
Klebsiella_hvKP340,rmtB1,MHPNIMOJ_05657,Accessory
Klebsiella_hvKP340,blaSHV-12,MHPNIMOJ_05693,Accessory
Klebsiella_hvKP340,blaKPC-2,MHPNIMOJ_05701,Accessory
Klebsiella_hvKP340,qnrS1,MHPNIMOJ_05846,Accessory
Klebsiella_hvKP340,blaLAP-2,MHPNIMOJ_05850,Accessory
Klebsiella_hvKP340,tet(A),MHPNIMOJ_05854,Accessory
Klebsiella_hvKP340,sul2,MHPNIMOJ_05862,Accessory
Klebsiella_hvKP340,dfrA14,NA,Unknown
Klebsiella_5890,dfrA30,NA,Unknown
Klebsiella_5890,qacE,CIMPOFFJ_00292,Accessory
Klebsiella_5890,blaTEM-1,CIMPOFFJ_00298,Accessory
Klebsiella_5890,aac(3)-IIe,CIMPOFFJ_00299,Accessory
Klebsiella_5890,aph(3'')-Ib,CIMPOFFJ_00317,Accessory
Klebsiella_5890,aph(6)-Id,CIMPOFFJ_00318,Accessory
Klebsiella_5890,tet(B),CIMPOFFJ_00475,Accessory
Klebsiella_5890,oqxB,CIMPOFFJ_01466,Accessory
Klebsiella_5890,oqxA,CIMPOFFJ_01467,Accessory
Klebsiella_5890,blaSHV-1,CIMPOFFJ_02897,Core
Klebsiella_5890,fosA,CIMPOFFJ_04738,Core
Klebsiella_5890,blaSHV-12,CIMPOFFJ_05421,Accessory
Klebsiella_5890,blaCMY-2,CIMPOFFJ_05477,Accessory
Klebsiella_5890,sul2,CIMPOFFJ_05512,Accessory
Klebsiella_5890,aph(3'')-Ib,CIMPOFFJ_05513,Accessory
Klebsiella_5890,aph(6)-Id,CIMPOFFJ_05514,Accessory
Klebsiella_5890,tet(A),CIMPOFFJ_05517,Accessory
Klebsiella_5890,floR,CIMPOFFJ_05520,Accessory
Klebsiella_KP2010,blaSHV-11,ANNDKOCJ_01131,Core
Klebsiella_KP2010,fosA,ANNDKOCJ_04682,Core
Klebsiella_KP2010,blaCTX-M-65,ANNDKOCJ_05476,Accessory
Klebsiella_KP2010,blaSHV-12,ANNDKOCJ_05485,Accessory
Klebsiella_KP2010,blaKPC-230,ANNDKOCJ_05523,Accessory
Klebsiella_KP144,blaSHV-11,MKGMMFOM_02644,Core
Klebsiella_KP144,fosA,MKGMMFOM_04654,Core
Klebsiella_KP144,blaKPC-2,MKGMMFOM_05403,Accessory
Klebsiella_KP144,blaCTX-M-65,MKGMMFOM_05408,Accessory
Klebsiella_KP144,blaTEM-1,MKGMMFOM_05417,Accessory
Klebsiella_KP144,rmtB1,MKGMMFOM_05418,Accessory
Klebsiella_KP144,catA2,MKGMMFOM_05568,Accessory
Klebsiella_KP144,blaKPC-2,MKGMMFOM_05584,Accessory
Klebsiella_HS11286,blaCTX-M-14,PFHEFCNI_05206,Accessory
Klebsiella_HS11286,dfrA50,NA,Unknown
Klebsiella_HS11286,blaTEM-1,PFHEFCNI_05480,Accessory
Klebsiella_HS11286,rmtB1,PFHEFCNI_05481,Accessory
Klebsiella_HS11286,tet(G),PFHEFCNI_05487,Accessory
Klebsiella_HS11286,floR2,PFHEFCNI_05489,Accessory
Klebsiella_HS11286,sul1,PFHEFCNI_05490,Accessory
Klebsiella_HS11286,qacEdelta1,PFHEFCNI_05491,Accessory
Klebsiella_HS11286,aadA2,NA,Unknown
Klebsiella_HS11286,dfrA12,NA,Unknown
Klebsiella_HS11286,aac(3)-IId,NA,Unknown
Klebsiella_HS11286,blaTEM-1,PFHEFCNI_05500,Accessory
Klebsiella_HS11286,aph(6)-Id,PFHEFCNI_05501,Accessory
Klebsiella_HS11286,aph(3'')-Ib,PFHEFCNI_05502,Accessory
Klebsiella_HS11286,sul2,PFHEFCNI_05503,Accessory
Klebsiella_HS11286,blaCTX-M-14,PFHEFCNI_05538,Accessory
Klebsiella_HS11286,fosA,PFHEFCNI_00606,Core
Klebsiella_HS11286,blaSHV-11,PFHEFCNI_02468,Core
Klebsiella_HS11286,blaKPC-2,PFHEFCNI_05333,Accessory
Klebsiella_HS11286,blaTEM-1,PFHEFCNI_05351,Accessory
Klebsiella_CRKP-C235,rmtB1,CAOAKALJ_01936,Accessory
Klebsiella_CRKP-C235,blaTEM-1,CAOAKALJ_01937,Accessory
Klebsiella_CRKP-C235,blaCTX-M-65,CAOAKALJ_01943,Accessory
Klebsiella_CRKP-C235,blaCTX-M-65,CAOAKALJ_01950,Accessory
Klebsiella_CRKP-C235,blaKPC-2,CAOAKALJ_02054,Accessory
Klebsiella_CRKP-C235,blaSHV-12,CAOAKALJ_02062,Accessory
Klebsiella_CRKP-C235,blaSHV-11,CAOAKALJ_02924,Core
Klebsiella_CRKP-C235,sul1,CAOAKALJ_03233,Accessory
Klebsiella_CRKP-C235,qacEdelta1,CAOAKALJ_03234,Accessory
Klebsiella_CRKP-C235,aadA2,NA,Unknown
Klebsiella_CRKP-C235,fosA,CAOAKALJ_04826,Core
Klebsiella_CRKP-C235,dfrA14,NA,Unknown
Klebsiella_CRKP-C235,sul2,CAOAKALJ_05476,Accessory
Klebsiella_CRKP-C235,catA2,CAOAKALJ_05484,Accessory
Klebsiella_CRKP-C235,tet(A),CAOAKALJ_05487,Accessory
Klebsiella_CRKP-C235,blaLAP-2,CAOAKALJ_05491,Accessory
Klebsiella_CRKP-C235,qnrS1,CAOAKALJ_05495,Accessory
Klebsiella_CRKP-C235,dfrA14,NA,Unknown
Klebsiella_CRKP-C235,sul2,CAOAKALJ_05572,Accessory
Klebsiella_Bio45,oqxB,CEJKIKAO_01815,Accessory
Klebsiella_Bio45,oqxA,CEJKIKAO_01816,Accessory
Klebsiella_Bio45,fosA,CEJKIKAO_01862,Core
Klebsiella_Bio45,blaSHV-28,CEJKIKAO_04973,Core
Klebsiella_Bio45,dfrA1,CEJKIKAO_05091,Accessory
Klebsiella_Bio45,sat2,CEJKIKAO_05092,Accessory
Klebsiella_Bio45,dfrA12,CEJKIKAO_05287,Accessory
Klebsiella_Bio45,aadA2,NA,Unknown
Klebsiella_Bio45,qacEdelta1,CEJKIKAO_05289,Accessory
Klebsiella_Bio45,sul1,CEJKIKAO_05290,Accessory
Klebsiella_Bio45,armA,CEJKIKAO_05294,Accessory
Klebsiella_Bio45,msr(E),CEJKIKAO_05297,Accessory
Klebsiella_Bio45,mph(E),CEJKIKAO_05298,Accessory
Klebsiella_Bio45,blaOXA-232,CEJKIKAO_05344,Accessory
Klebsiella_Bio45,dfrA14,CEJKIKAO_05350,Accessory
Klebsiella_Bio45,blaTEM-1,CEJKIKAO_05380,Accessory
Klebsiella_Bio45,tet(D),CEJKIKAO_05386,Accessory
Klebsiella_Bio45,catB3,CEJKIKAO_05397,Accessory
Klebsiella_Bio45,blaOXA-1,CEJKIKAO_05398,Accessory
Klebsiella_Bio45,aac(6')-Ib-cr5,CEJKIKAO_05399,Accessory
Klebsiella_Bio45,blaCTX-M-15,CEJKIKAO_05404,Accessory
Klebsiella_Bio45,dfrA12,CEJKIKAO_05686,Accessory
Klebsiella_Bio45,aadA2,NA,Unknown
Klebsiella_Bio45,qacEdelta1,CEJKIKAO_05688,Accessory
Klebsiella_Bio45,sul1,CEJKIKAO_05689,Accessory
Klebsiella_Bio45,armA,CEJKIKAO_05693,Accessory
Klebsiella_Bio45,msr(E),CEJKIKAO_05696,Accessory
Klebsiella_Bio45,mph(E),CEJKIKAO_05697,Accessory
Klebsiella_Bio45,blaOXA-232,CEJKIKAO_05705,Accessory
Klebsiella_Bio45,blaTEM-1,CEJKIKAO_05710,Accessory
Klebsiella_Bio45,dfrA14,CEJKIKAO_05739,Accessory
Klebsiella_Bio45,tet(D),CEJKIKAO_05753,Accessory
Klebsiella_Bio45,catB3,CEJKIKAO_05766,Accessory
Klebsiella_Bio45,blaOXA-1,CEJKIKAO_05767,Accessory
Klebsiella_Bio45,aac(6')-Ib-cr5,CEJKIKAO_05768,Accessory
Klebsiella_Bio45,blaCTX-M-15,CEJKIKAO_05777,Accessory
Klebsiella_XHKPN391,blaSHV-12,HKPMNAPE_00335,Accessory
Klebsiella_XHKPN391,catB3,HKPMNAPE_00338,Accessory
Klebsiella_XHKPN391,blaOXA-1,HKPMNAPE_00339,Accessory
Klebsiella_XHKPN391,aac(6')-Ib-cr5,HKPMNAPE_00340,Accessory
Klebsiella_XHKPN391,fosA,HKPMNAPE_00691,Core
Klebsiella_XHKPN391,blaSHV-12,HKPMNAPE_02539,Core
Klebsiella_XHKPN391,oqxA,HKPMNAPE_04095,Accessory
Klebsiella_XHKPN391,oqxB,HKPMNAPE_04096,Accessory
Klebsiella_XHKPN391,rmtB1,HKPMNAPE_05012,Accessory
Klebsiella_XHKPN391,blaTEM-1,HKPMNAPE_05013,Accessory
Klebsiella_XHKPN391,blaKPC-2,HKPMNAPE_05022,Accessory
Klebsiella_XHKPN391,blaKPC-2,HKPMNAPE_05030,Accessory
Klebsiella_XHKPN391,blaCTX-M-65,HKPMNAPE_05485,Accessory
Klebsiella_XHKPN391,fosA3,HKPMNAPE_05489,Accessory
Klebsiella_XHKPN391,blaKPC-2,HKPMNAPE_05495,Accessory
Klebsiella_IM029,oqxB,GJJFJPIC_01209,Accessory
Klebsiella_IM029,oqxA,GJJFJPIC_01210,Accessory
Klebsiella_IM029,blaSHV-11,GJJFJPIC_02773,Core
Klebsiella_IM029,sul1,GJJFJPIC_03083,Accessory
Klebsiella_IM029,qacEdelta1,GJJFJPIC_03084,Accessory
Klebsiella_IM029,aadA2,NA,Unknown
Klebsiella_IM029,fosA,GJJFJPIC_04579,Core
Klebsiella_IM029,mph(E),GJJFJPIC_04926,Accessory
Klebsiella_IM029,msr(E),GJJFJPIC_04927,Accessory
Klebsiella_IM029,armA,GJJFJPIC_04930,Accessory
Klebsiella_IM029,sul1,GJJFJPIC_04934,Accessory
Klebsiella_IM029,qacEdelta1,GJJFJPIC_04935,Accessory
Klebsiella_IM029,aadA2,NA,Unknown
Klebsiella_IM029,dfrA12,GJJFJPIC_04937,Accessory
Klebsiella_IM029,qnrB4,GJJFJPIC_04950,Accessory
Klebsiella_IM029,blaDHA-1,GJJFJPIC_04957,Accessory
Klebsiella_IM029,qacE,NA,Unknown
Klebsiella_IM029,sul1,NA,Unknown
Klebsiella_IM029,mrx(A),GJJFJPIC_04968,Accessory
Klebsiella_IM029,mph(A),GJJFJPIC_04969,Accessory
Klebsiella_IM029,blaTEM-1,GJJFJPIC_04973,Accessory
Klebsiella_IM029,blaCTX-M-15,GJJFJPIC_04978,Accessory
Klebsiella_IM029,aac(6')-Ib-cr5,GJJFJPIC_04982,Accessory
Klebsiella_IM029,blaOXA-1,GJJFJPIC_04983,Accessory
Klebsiella_IM029,catB3,GJJFJPIC_04984,Accessory
Klebsiella_IM029,tet(A),NA,Unknown
Klebsiella_IM029,blaSHV-11,GJJFJPIC_04994,Accessory
Klebsiella_IM029,aph(3')-Ia,GJJFJPIC_05004,Accessory
Klebsiella_IM029,rmtB,GJJFJPIC_05437,Accessory
Klebsiella_IM029,fosA3,GJJFJPIC_05440,Accessory
Klebsiella_IM029,blaKPC-2,GJJFJPIC_05538,Accessory
Klebsiella_IM029,blaSHV-12,GJJFJPIC_05543,Accessory
Klebsiella_QD23,oqxB19,DIBJAJLO_01140,Accessory
Klebsiella_QD23,oqxA10,DIBJAJLO_01141,Accessory
Klebsiella_QD23,blaSHV-1,DIBJAJLO_02557,Core
Klebsiella_QD23,aadA2,NA,Unknown
Klebsiella_QD23,ere(A),DIBJAJLO_04358,Accessory
Klebsiella_QD23,dfrA32,DIBJAJLO_04359,Accessory
Klebsiella_QD23,bleO,NA,Unknown
Klebsiella_QD23,aac(6')-Ib-cr5,DIBJAJLO_04368,Accessory
Klebsiella_QD23,blaOXA-1,DIBJAJLO_04369,Accessory
Klebsiella_QD23,catB3,DIBJAJLO_04370,Accessory
Klebsiella_QD23,arr-3,DIBJAJLO_04371,Accessory
Klebsiella_QD23,qacEdelta1,DIBJAJLO_04372,Accessory
Klebsiella_QD23,sul1,DIBJAJLO_04373,Accessory
Klebsiella_QD23,aac(3)-IVa,DIBJAJLO_04375,Accessory
Klebsiella_QD23,aph(4)-Ia,DIBJAJLO_04376,Accessory
Klebsiella_QD23,sul2,DIBJAJLO_04382,Accessory
Klebsiella_QD23,floR,DIBJAJLO_04386,Accessory
Klebsiella_QD23,blaCTX-M-65,DIBJAJLO_04396,Accessory
Klebsiella_QD23,fosA3,DIBJAJLO_04400,Accessory
Klebsiella_QD23,aph(3')-Ia,DIBJAJLO_04405,Accessory
Klebsiella_QD23,tet(C),DIBJAJLO_04408,Accessory
Klebsiella_QD23,sul2,DIBJAJLO_04452,Accessory
Klebsiella_QD23,aph(3'')-Ib,DIBJAJLO_04453,Accessory
Klebsiella_QD23,aph(6)-Id,DIBJAJLO_04454,Accessory
Klebsiella_QD23,aac(3)-IId,DIBJAJLO_04456,Accessory
Klebsiella_QD23,aph(3')-Ia,DIBJAJLO_04459,Accessory
Klebsiella_QD23,mph(A),DIBJAJLO_04461,Accessory
Klebsiella_QD23,mrx(A),DIBJAJLO_04462,Accessory
Klebsiella_QD23,bleO,NA,Unknown
Klebsiella_QD23,aac(6')-Ib-cr5,DIBJAJLO_04471,Accessory
Klebsiella_QD23,blaOXA-1,DIBJAJLO_04472,Accessory
Klebsiella_QD23,catB3,DIBJAJLO_04473,Accessory
Klebsiella_QD23,arr-3,DIBJAJLO_04474,Accessory
Klebsiella_QD23,qacEdelta1,DIBJAJLO_04475,Accessory
Klebsiella_QD23,sul1,DIBJAJLO_04476,Accessory
Klebsiella_QD23,aac(3)-IId,DIBJAJLO_04478,Accessory
Klebsiella_QD23,aph(3')-Ia,DIBJAJLO_04481,Accessory
Klebsiella_QD23,mph(A),DIBJAJLO_04483,Accessory
Klebsiella_QD23,mrx(A),DIBJAJLO_04484,Accessory
Klebsiella_QD23,sul1,DIBJAJLO_04490,Accessory
Klebsiella_QD23,qacEdelta1,DIBJAJLO_04491,Accessory
Klebsiella_QD23,aadA2,NA,Unknown
Klebsiella_QD23,dfrA12,DIBJAJLO_04493,Accessory
Klebsiella_QD23,blaTEM-1,DIBJAJLO_04680,Accessory
Klebsiella_QD23,aac(3)-IId,DIBJAJLO_04685,Accessory
Klebsiella_QD23,mph(A),DIBJAJLO_04687,Accessory
Klebsiella_QD23,mrx(A),NA,Unknown
Klebsiella_QD23,sul1,DIBJAJLO_04695,Accessory
Klebsiella_QD23,qacEdelta1,DIBJAJLO_04696,Accessory
Klebsiella_QD23,arr-3,DIBJAJLO_04697,Accessory
Klebsiella_QD23,catB3,NA,Unknown
Klebsiella_QD23,blaNDM-3,DIBJAJLO_04699,Accessory
Klebsiella_QD23,ble,DIBJAJLO_04700,Accessory
Klebsiella_QD23,sul1,DIBJAJLO_04703,Accessory
Klebsiella_QD23,qacEdelta1,DIBJAJLO_04704,Accessory
Klebsiella_QD23,aadA16,DIBJAJLO_04705,Accessory
Klebsiella_QD23,dfrA27,NA,Unknown
Klebsiella_QD23,arr-3,DIBJAJLO_04707,Accessory
Klebsiella_QD23,aac(6')-Ib-cr,DIBJAJLO_04708,Accessory
Klebsiella_QD23,mph(A),NA,Unknown
Klebsiella_QD23,sul1,DIBJAJLO_04723,Accessory
Klebsiella_QD23,qacEdelta1,DIBJAJLO_04724,Accessory
Klebsiella_QD23,arr-3,DIBJAJLO_04725,Accessory
Klebsiella_QD23,catB3,NA,Unknown
Klebsiella_QD23,blaNDM-3,DIBJAJLO_04727,Accessory
Klebsiella_QD23,ble,DIBJAJLO_04728,Accessory
Klebsiella_QD23,sul1,DIBJAJLO_04731,Accessory
Klebsiella_QD23,qacEdelta1,DIBJAJLO_04732,Accessory
Klebsiella_QD23,aadA16,DIBJAJLO_04733,Accessory
Klebsiella_QD23,dfrA27,NA,Unknown
Klebsiella_QD23,arr-3,DIBJAJLO_04735,Accessory
Klebsiella_QD23,aac(6')-Ib-cr5,DIBJAJLO_04736,Accessory
Klebsiella_QD23,aac(3)-IId,DIBJAJLO_04740,Accessory
Klebsiella_QD23,sul2,DIBJAJLO_04881,Accessory
Klebsiella_QD23,aph(3'')-Ib,DIBJAJLO_04882,Accessory
Klebsiella_QD23,aph(6)-Id,DIBJAJLO_04883,Accessory
Klebsiella_QD23,floR,DIBJAJLO_04886,Accessory
Klebsiella_QD23,fosA,DIBJAJLO_04968,Core
Klebsiella_Bio73,oqxA,AKEFJBBM_01522,Accessory
Klebsiella_Bio73,oqxB,AKEFJBBM_01523,Accessory
Klebsiella_Bio73,fosA,AKEFJBBM_02449,Core
Klebsiella_Bio73,blaSHV-28,AKEFJBBM_04935,Core
Klebsiella_Bio73,dfrA1,AKEFJBBM_05052,Accessory
Klebsiella_Bio73,sat2,AKEFJBBM_05053,Accessory
Klebsiella_Bio73,dfrA12,AKEFJBBM_05277,Accessory
Klebsiella_Bio73,aadA2,NA,Unknown
Klebsiella_Bio73,qacEdelta1,AKEFJBBM_05279,Accessory
Klebsiella_Bio73,sul1,AKEFJBBM_05280,Accessory
Klebsiella_Bio73,armA,AKEFJBBM_05284,Accessory
Klebsiella_Bio73,msr(E),AKEFJBBM_05287,Accessory
Klebsiella_Bio73,mph(E),AKEFJBBM_05288,Accessory
Klebsiella_Bio73,blaOXA-232,AKEFJBBM_05333,Accessory
Klebsiella_Bio73,dfrA14,AKEFJBBM_05339,Accessory
Klebsiella_Bio73,blaTEM-1,AKEFJBBM_05375,Accessory
Klebsiella_Bio73,tet(D),AKEFJBBM_05381,Accessory
Klebsiella_Bio73,aac(6')-Ib-cr5,AKEFJBBM_05392,Accessory
Klebsiella_Bio73,blaOXA-1,AKEFJBBM_05393,Accessory
Klebsiella_Bio73,catB3,AKEFJBBM_05394,Accessory
Klebsiella_Bio73,blaCTX-M-15,AKEFJBBM_05399,Accessory
Klebsiella_Bio73,dfrA12,AKEFJBBM_05701,Accessory
Klebsiella_Bio73,aadA2,NA,Unknown
Klebsiella_Bio73,qacEdelta1,AKEFJBBM_05703,Accessory
Klebsiella_Bio73,sul1,AKEFJBBM_05704,Accessory
Klebsiella_Bio73,armA,AKEFJBBM_05708,Accessory
Klebsiella_Bio73,msr(E),AKEFJBBM_05711,Accessory
Klebsiella_Bio73,mph(E),AKEFJBBM_05712,Accessory
Klebsiella_Bio73,blaTEM-1,AKEFJBBM_05714,Accessory
Klebsiella_Bio73,blaOXA-232,AKEFJBBM_05719,Accessory
Klebsiella_Bio73,dfrA14,AKEFJBBM_05736,Accessory
Klebsiella_Bio73,tet(D),AKEFJBBM_05751,Accessory
Klebsiella_Bio73,catB3,AKEFJBBM_05763,Accessory
Klebsiella_Bio73,blaOXA-1,AKEFJBBM_05764,Accessory
Klebsiella_Bio73,aac(6')-Ib-cr5,AKEFJBBM_05765,Accessory
Klebsiella_Bio73,blaCTX-M-15,AKEFJBBM_05768,Accessory
Klebsiella_IM007,blaSHV-11,NKPLBACC_01110,Core
Klebsiella_IM007,fosA,NKPLBACC_03013,Core
Klebsiella_IM007,oqxB,NKPLBACC_04944,Accessory
Klebsiella_IM007,oqxA,NKPLBACC_04945,Accessory
Klebsiella_IM007,mrx(A),NKPLBACC_05405,Accessory
Klebsiella_IM007,mph(A),NKPLBACC_05406,Accessory
Klebsiella_IM007,tet(A),NKPLBACC_05411,Accessory
Klebsiella_IM007,floR,NKPLBACC_05414,Accessory
Klebsiella_IM007,qnrS1,NKPLBACC_05532,Accessory
Klebsiella_IM007,blaCTX-M-3,NKPLBACC_05536,Accessory
Klebsiella_IM007,blaTEM-1,NKPLBACC_05538,Accessory
Klebsiella_IM007,aac(6')-Ib-cr5,NKPLBACC_05543,Accessory
Klebsiella_IM007,arr-3,NKPLBACC_05544,Accessory
Klebsiella_IM007,dfrA27,NA,Unknown
Klebsiella_IM007,aadA16,NKPLBACC_05546,Accessory
Klebsiella_IM007,qacEdelta1,NKPLBACC_05547,Accessory
Klebsiella_IM007,sul1,NKPLBACC_05548,Accessory
Klebsiella_IM007,blaSHV-11,NKPLBACC_05552,Accessory
Klebsiella_IM007,blaCTX-M-65,NKPLBACC_05561,Accessory
Klebsiella_IM007,blaKPC-2,NKPLBACC_05627,Accessory
Klebsiella_IM007,blaSHV,NKPLBACC_05639,Accessory
Klebsiella_3347689I,oqxB,LJJPKJPJ_01199,Accessory
Klebsiella_3347689I,oqxA,LJJPKJPJ_01200,Accessory
Klebsiella_3347689I,sul1,LJJPKJPJ_01923,Accessory
Klebsiella_3347689I,qacE,NA,Unknown
Klebsiella_3347689I,blaDHA,LJJPKJPJ_01926,Accessory
Klebsiella_3347689I,ble,LJJPKJPJ_01927,Accessory
Klebsiella_3347689I,blaNDM-1,LJJPKJPJ_01928,Accessory
Klebsiella_3347689I,blaTEM-1,LJJPKJPJ_01985,Accessory
Klebsiella_3347689I,aac(3)-IId,LJJPKJPJ_01990,Accessory
Klebsiella_3347689I,blaSHV-11,LJJPKJPJ_02867,Core
Klebsiella_3347689I,fosA,LJJPKJPJ_04712,Core
Klebsiella_3347689I,blaCMY-4,LJJPKJPJ_05512,Accessory
Klebsiella_3347689I,dfrA14,NA,Unknown
Klebsiella_3347689I,arr-2,LJJPKJPJ_05568,Accessory
Klebsiella_3347689I,cmlA5,LJJPKJPJ_05570,Accessory
Klebsiella_3347689I,blaOXA-10,LJJPKJPJ_05571,Accessory
Klebsiella_3347689I,aadA1,LJJPKJPJ_05572,Accessory
Klebsiella_3347689I,qacEdelta1,LJJPKJPJ_05573,Accessory
Klebsiella_3347689I,sul1,LJJPKJPJ_05574,Accessory
Klebsiella_3347689I,armA,LJJPKJPJ_05578,Accessory
Klebsiella_3347689I,msr(E),LJJPKJPJ_05581,Accessory
Klebsiella_3347689I,mph(E),LJJPKJPJ_05582,Accessory
Klebsiella_3347689I,aac(3)-IIe,LJJPKJPJ_05592,Accessory
Klebsiella_3347689I,catB3,LJJPKJPJ_05594,Accessory
Klebsiella_3347689I,blaOXA-1,LJJPKJPJ_05595,Accessory
Klebsiella_3347689I,aac(6')-Ib-cr5,LJJPKJPJ_05596,Accessory
Klebsiella_3347689I,sul1,LJJPKJPJ_05601,Accessory
Klebsiella_3347689I,qacEdelta1,LJJPKJPJ_05602,Accessory
Klebsiella_3347689I,dfrA1,NA,Unknown
Klebsiella_3347689I,tet(A),LJJPKJPJ_05606,Accessory
Klebsiella_3347689I,catA1,LJJPKJPJ_05615,Accessory
Klebsiella_3347689I,blaCTX-M-15,LJJPKJPJ_05653,Accessory
Klebsiella_KP18-2050,oqxB,IFNMLPOG_01211,Accessory
Klebsiella_KP18-2050,oqxA,IFNMLPOG_01212,Accessory
Klebsiella_KP18-2050,blaSHV-11,IFNMLPOG_02773,Core
Klebsiella_KP18-2050,fosA,IFNMLPOG_04622,Core
Klebsiella_KP18-2050,blaSHV-11,IFNMLPOG_04999,Accessory
Klebsiella_KP18-2050,aph(3')-Ia,IFNMLPOG_05009,Accessory
Klebsiella_KP18-2050,tet(A),IFNMLPOG_05013,Accessory
Klebsiella_KP18-2050,blaCTX-M-65,IFNMLPOG_05658,Accessory
Klebsiella_KP18-2050,fosA3,IFNMLPOG_05662,Accessory
Klebsiella_KP18-2050,blaTEM-1,IFNMLPOG_05670,Accessory
Klebsiella_KP18-2050,rmtB1,IFNMLPOG_05671,Accessory
Klebsiella_KP18-2050,blaSHV-12,IFNMLPOG_05714,Accessory
Klebsiella_KP18-2050,blaSHV-12,IFNMLPOG_05722,Accessory
Klebsiella_KP18-2050,blaKPC-2,IFNMLPOG_05727,Accessory
Klebsiella_KP18-2050,dfrA5,NA,Unknown
Klebsiella_KP18-2050,qacE,IFNMLPOG_05403,Accessory
Klebsiella_KP18-2050,blaSHV-12,IFNMLPOG_05410,Accessory
Klebsiella_KP1517,oqxB,DPHABKBD_01208,Accessory
Klebsiella_KP1517,oqxA,DPHABKBD_01209,Accessory
Klebsiella_KP1517,blaSHV-11,DPHABKBD_02769,Core
Klebsiella_KP1517,fosA,DPHABKBD_04564,Core
Klebsiella_KP1517,blaSHV-11,DPHABKBD_04992,Accessory
Klebsiella_KP1517,aph(3')-Ia,DPHABKBD_05002,Accessory
Klebsiella_KP1517,tet(A),DPHABKBD_05006,Accessory
Klebsiella_KP1517,tet(A),DPHABKBD_05010,Accessory
Klebsiella_KP1517,catB3,DPHABKBD_05014,Accessory
Klebsiella_KP1517,blaOXA-1,DPHABKBD_05015,Accessory
Klebsiella_KP1517,aac(6')-Ib-cr5,DPHABKBD_05016,Accessory
Klebsiella_KP1517,blaCTX-M-15,DPHABKBD_05020,Accessory
Klebsiella_KP1517,blaTEM-1,DPHABKBD_05025,Accessory
Klebsiella_KP1517,mph(A),DPHABKBD_05029,Accessory
Klebsiella_KP1517,mrx(A),DPHABKBD_05030,Accessory
Klebsiella_KP1517,sul1,DPHABKBD_05037,Accessory
Klebsiella_KP1517,qacE,NA,Unknown
Klebsiella_KP1517,blaDHA-1,DPHABKBD_05040,Accessory
Klebsiella_KP1517,qnrB4,DPHABKBD_05047,Accessory
Klebsiella_KP1517,dfrA12,DPHABKBD_05060,Accessory
Klebsiella_KP1517,aadA2,NA,Unknown
Klebsiella_KP1517,qacEdelta1,DPHABKBD_05062,Accessory
Klebsiella_KP1517,sul1,DPHABKBD_05063,Accessory
Klebsiella_KP1517,armA,DPHABKBD_05067,Accessory
Klebsiella_KP1517,msr(E),DPHABKBD_05070,Accessory
Klebsiella_KP1517,mph(E),DPHABKBD_05071,Accessory
Klebsiella_KP1517,dfrA50,DPHABKBD_05430,Accessory
Klebsiella_KP1517,fosA3,DPHABKBD_05607,Accessory
Klebsiella_KP1517,rmtB,DPHABKBD_05610,Accessory
Klebsiella_KP1517,blaSHV-12,DPHABKBD_05651,Accessory
Klebsiella_KP1517,blaKPC-2,DPHABKBD_05656,Accessory
Klebsiella_NK-603,blaSHV-11,HBLCKHNK_02859,Core
Klebsiella_NK-603,fosA,HBLCKHNK_04722,Core
Klebsiella_NK-603,blaKPC-2,HBLCKHNK_05410,Accessory
Klebsiella_NK-603,blaSHV-12,HBLCKHNK_05418,Accessory
Klebsiella_NK-603,rmtB1,HBLCKHNK_05454,Accessory
Klebsiella_NK-603,blaTEM-1,HBLCKHNK_05455,Accessory
Klebsiella_NK-603,blaCTX-M-65,HBLCKHNK_05464,Accessory
Klebsiella_NK-603,qnrS1,HBLCKHNK_05790,Accessory
Klebsiella_NK-603,blaLAP-2,HBLCKHNK_05794,Accessory
Klebsiella_NK-603,tet(A),HBLCKHNK_05798,Accessory
Klebsiella_NK-603,sul2,HBLCKHNK_05806,Accessory
Klebsiella_NK-603,qnrS1,HBLCKHNK_05879,Accessory
Klebsiella_NK-603,dfrA14,NA,Unknown
Klebsiella_NK-603,sul2,HBLCKHNK_05940,Accessory
Klebsiella_NK-603,aph(3'')-Ib,HBLCKHNK_05941,Accessory
Klebsiella_NK-603,aph(6)-Id,HBLCKHNK_05942,Accessory
Klebsiella_NK-603,qnrS1,HBLCKHNK_05948,Accessory
Pseudomonas_SS-209,aph(3')-IIb,EBEHLKLP_00092,Core
Pseudomonas_SS-209,blaPDC-39,EBEHLKLP_00101,Core
Pseudomonas_SS-209,msr(E),EBEHLKLP_01451,Accessory
Pseudomonas_SS-209,mph(E),EBEHLKLP_01452,Accessory
Pseudomonas_SS-209,catB3,NA,Unknown
Pseudomonas_SS-209,blaOXA-10,EBEHLKLP_01456,Accessory
Pseudomonas_SS-209,aadA2,NA,Unknown
Pseudomonas_SS-209,qacEdelta1,NA,Unknown
Pseudomonas_SS-209,sul1,EBEHLKLP_01458,Accessory
Pseudomonas_SS-209,fosA,EBEHLKLP_03443,Core
Pseudomonas_SS-209,sul1,EBEHLKLP_03595,Accessory
Pseudomonas_SS-209,qacEdelta1,NA,Unknown
Pseudomonas_SS-209,aac(6')-Ib4,NA,Unknown
Pseudomonas_SS-209,aac(3)-Ia,EBEHLKLP_03596,Accessory
Pseudomonas_SS-209,blaVIM-2,EBEHLKLP_03597,Accessory
Pseudomonas_SS-209,aac(6')-Il,NA,Unknown
Pseudomonas_SS-209,aph(6)-Id,EBEHLKLP_03601,Accessory
Pseudomonas_SS-209,aph(3'')-Ib,EBEHLKLP_03602,Accessory
Pseudomonas_SS-209,msr(E),EBEHLKLP_03987,Accessory
Pseudomonas_SS-209,mph(E),EBEHLKLP_03988,Accessory
Pseudomonas_SS-209,catB3,NA,Unknown
Pseudomonas_SS-209,blaOXA-10,EBEHLKLP_03992,Accessory
Pseudomonas_SS-209,aadA2,NA,Unknown
Pseudomonas_SS-209,qacEdelta1,NA,Unknown
Pseudomonas_SS-209,sul1,EBEHLKLP_03994,Accessory
Pseudomonas_SS-209,catB7,EBEHLKLP_04113,Core
Pseudomonas_SS-209,blaOXA-488,EBEHLKLP_05873,Core
Pseudomonas_PAO1,catB7,BOBHOCID_00727,Core
Pseudomonas_PAO1,fosA,BOBHOCID_01169,Core
Pseudomonas_PAO1,blaPDC-1,BOBHOCID_04242,Core
Pseudomonas_PAO1,aph(3')-IIb,BOBHOCID_04251,Core
Pseudomonas_PAO1,blaOXA-50,BOBHOCID_05701,Core
Pseudomonas_Pa3,aph(3')-IIb,ECPJBLDK_00961,Core
Pseudomonas_Pa3,blaPDC-3,ECPJBLDK_00970,Core
Pseudomonas_Pa3,aac(6')-29a,NA,Unknown
Pseudomonas_Pa3,blaVIM-2,ECPJBLDK_03291,Accessory
Pseudomonas_Pa3,aac(6')-29b,NA,Unknown
Pseudomonas_Pa3,qacEdelta1,NA,Unknown
Pseudomonas_Pa3,sul1,ECPJBLDK_03293,Accessory
Pseudomonas_Pa3,fosA,NA,Unknown
Pseudomonas_Pa3,catB7,ECPJBLDK_05116,Core
Pseudomonas_Pa3,blaOXA-395,ECPJBLDK_06643,Core
Pseudomonas_Carb01_63,aph(3')-IIb,JBHAFGKF_01023,Core
Pseudomonas_Carb01_63,blaPDC-3,JBHAFGKF_01032,Core
Pseudomonas_Carb01_63,aac(6')-29,NA,Unknown
Pseudomonas_Carb01_63,blaVIM-2,JBHAFGKF_03538,Accessory
Pseudomonas_Carb01_63,aac(6')-29,NA,Unknown
Pseudomonas_Carb01_63,qacEdelta1,NA,Unknown
Pseudomonas_Carb01_63,sul1,JBHAFGKF_03540,Accessory
Pseudomonas_Carb01_63,fosA,NA,Unknown
Pseudomonas_Carb01_63,aac(6')-Ib',NA,Unknown
Pseudomonas_Carb01_63,blaCARB-2,JBHAFGKF_05333,Accessory
Pseudomonas_Carb01_63,aadA2,NA,Unknown
Pseudomonas_Carb01_63,qacEdelta1,NA,Unknown
Pseudomonas_Carb01_63,sul1,JBHAFGKF_05335,Accessory
Pseudomonas_Carb01_63,catB7,JBHAFGKF_05364,Core
Pseudomonas_Carb01_63,blaOXA-395,JBHAFGKF_07018,Core
Pseudomonas_59,aph(3')-IIb,FPNNPAJM_00887,Core
Pseudomonas_59,blaPDC-5,FPNNPAJM_00896,Core
Pseudomonas_59,catB7,FPNNPAJM_02391,Core
Pseudomonas_59,fosA,FPNNPAJM_02933,Core
Pseudomonas_59,sul1,FPNNPAJM_04937,Accessory
Pseudomonas_59,qacEdelta1,NA,Unknown
Pseudomonas_59,catB3,NA,Unknown
Pseudomonas_59,blaOXA-1,FPNNPAJM_04939,Accessory
Pseudomonas_59,blaIMP-45,FPNNPAJM_04940,Accessory
Pseudomonas_59,aac(6')-Ib4,NA,Unknown
Pseudomonas_59,mph(A),FPNNPAJM_05198,Accessory
Pseudomonas_59,mrx(A),FPNNPAJM_05199,Accessory
Pseudomonas_59,aac(3)-IId,FPNNPAJM_05206,Accessory
Pseudomonas_59,ere(A),FPNNPAJM_05389,Accessory
Pseudomonas_59,catB3,NA,Unknown
Pseudomonas_59,aadA1,NA,Unknown
Pseudomonas_59,qacEdelta1,NA,Unknown
Pseudomonas_59,sul1,FPNNPAJM_05396,Accessory
Pseudomonas_59,qnrVC6,FPNNPAJM_05398,Accessory
Pseudomonas_59,dfrA42,NA,Unknown
Pseudomonas_59,qacEdelta1,NA,Unknown
Pseudomonas_59,sul1,FPNNPAJM_05403,Accessory
Pseudomonas_59,blaTEM-1,FPNNPAJM_05408,Accessory
Pseudomonas_59,rmtB1,FPNNPAJM_05409,Accessory
Pseudomonas_59,fosZ,FPNNPAJM_05462,Accessory
Pseudomonas_59,fosZ,NA,Unknown
Pseudomonas_59,blaVIM-2,FPNNPAJM_05484,Accessory
Pseudomonas_59,aac(6')-Ib,NA,Unknown
Pseudomonas_59,dfrB1,NA,Unknown
Pseudomonas_59,blaOXA-50,FPNNPAJM_06888,Core
Pseudomonas_59,blaCMY-2,NA,Unknown
Pseudomonas_NY5524,fosA,OJMCPDCD_01377,Core
Pseudomonas_NY5524,blaPDC-1,OJMCPDCD_04984,Core
Pseudomonas_NY5524,aph(3')-IIb,OJMCPDCD_04993,Core
Pseudomonas_NY5524,catB7,OJMCPDCD_05254,Core
Pseudomonas_NY5524,aac(6')-Ib,OJMCPDCD_06023,Accessory
Pseudomonas_NY5524,blaOXA-101,OJMCPDCD_06024,Accessory
Pseudomonas_NY5524,aadA5,OJMCPDCD_06025,Accessory
Pseudomonas_NY5524,qacEdelta1,NA,Unknown
Pseudomonas_NY5524,sul1,OJMCPDCD_06026,Accessory
Pseudomonas_NY5524,blaPER-1,OJMCPDCD_06028,Accessory
Pseudomonas_NY5524,qacE,NA,Unknown
Pseudomonas_NY5524,sul1,OJMCPDCD_06032,Accessory
Pseudomonas_NY5524,aph(3'')-Ib,NA,Unknown
Pseudomonas_NY5524,aph(6)-Id,OJMCPDCD_06041,Accessory
Pseudomonas_NY5524,blaOXA-847,OJMCPDCD_06782,Core
Pseudomonas_NY4383,aac(6')-Ib4,NA,Unknown
Pseudomonas_NY4383,ant(2'')-Ia,NA,Unknown
Pseudomonas_NY4383,qacEdelta1,NA,Unknown
Pseudomonas_NY4383,sul1,LDMCHMKO_00336,Accessory
Pseudomonas_NY4383,catB7,LDMCHMKO_01568,Core
Pseudomonas_NY4383,fosA,LDMCHMKO_02303,Core
Pseudomonas_NY4383,blaPDC-35,LDMCHMKO_05864,Core
Pseudomonas_NY4383,aph(3')-IIb,LDMCHMKO_05873,Core
Pseudomonas_NY4383,blaOXA-488,LDMCHMKO_06863,Core
Pseudomonas_PAC1,sul1,NA,Unknown
Pseudomonas_PAC1,catB7,LEMGBNAI_03644,Core
Pseudomonas_PAC1,blaOXA-847,LEMGBNAI_05029,Core
Pseudomonas_PAC1,blaPDC-1,LEMGBNAI_05883,Core
Pseudomonas_PAC1,aph(3')-IIb,LEMGBNAI_05892,Core
Pseudomonas_PAC1,fosA,LEMGBNAI_06964,Core
Pseudomonas_JBPA,fosA,PHPIJGEG_00339,Core
Pseudomonas_JBPA,aph(3'')-Ib,PHPIJGEG_01515,Accessory
Pseudomonas_JBPA,aph(6)-Id,PHPIJGEG_01516,Accessory
Pseudomonas_JBPA,catB7,PHPIJGEG_03742,Core
Pseudomonas_JBPA,blaOXA-50,PHPIJGEG_05344,Core
Pseudomonas_JBPA,aph(3')-IIb,PHPIJGEG_06270,Core
Pseudomonas_JBPA,blaPDC-8,PHPIJGEG_06279,Core
Pseudomonas_p55,blaOXA-50,IGAMENLI_00838,Core
Pseudomonas_p55,aac(6')-Ib3,NA,Unknown
Pseudomonas_p55,blaOXA-14,IGAMENLI_01799,Accessory
Pseudomonas_p55,catB7,IGAMENLI_02398,Core
Pseudomonas_p55,fosA,IGAMENLI_02934,Core
Pseudomonas_p55,sul1,IGAMENLI_03581,Accessory
Pseudomonas_p55,ant(4')-IIb,IGAMENLI_03590,Accessory
Pseudomonas_p55,floR2,NA,Unknown
Pseudomonas_p55,tet(G),IGAMENLI_03595,Accessory
Pseudomonas_p55,sul1,IGAMENLI_05150,Accessory
Pseudomonas_p55,qacEdelta1,NA,Unknown
Pseudomonas_p55,blaOXA-796,NA,Unknown
Pseudomonas_p55,aac(6')-Ib,NA,Unknown
Pseudomonas_p55,aac(6')-Ib,NA,Unknown
Pseudomonas_p55,qacF,NA,Unknown
Pseudomonas_p55,blaPDC-98,IGAMENLI_06735,Core
Pseudomonas_p55,aph(3')-IIb,IGAMENLI_06744,Core
Pseudomonas_Pa1207,catB7,NBAMOAMO_02038,Core
Pseudomonas_Pa1207,fosA,NA,Unknown
Pseudomonas_Pa1207,aac(6')-33,NA,Unknown
Pseudomonas_Pa1207,aadA1,NA,Unknown
Pseudomonas_Pa1207,blaOXA-2,NBAMOAMO_04760,Accessory
Pseudomonas_Pa1207,qacEdelta1,NA,Unknown
Pseudomonas_Pa1207,sul1,NBAMOAMO_04761,Accessory
Pseudomonas_Pa1207,blaPDC-5,NBAMOAMO_06492,Core
Pseudomonas_Pa1207,aph(3')-IIb,NBAMOAMO_06501,Core
Pseudomonas_Pa1207,blaOXA-396,NBAMOAMO_06884,Core
Pseudomonas_A31005,blaOXA-50,BJADBJPP_00376,Core
Pseudomonas_A31005,catB7,BJADBJPP_01819,Core
Pseudomonas_A31005,fosA,BJADBJPP_02442,Core
Pseudomonas_A31005,aph(6)-Id,NA,Unknown
Pseudomonas_A31005,aph(3'')-Ib,BJADBJPP_03627,Accessory
Pseudomonas_A31005,qacF,NA,Unknown
Pseudomonas_A31005,blaOXA-35,BJADBJPP_03629,Accessory
Pseudomonas_A31005,aac(6')-Ib4,NA,Unknown
Pseudomonas_A31005,aac(6')-Ib4,NA,Unknown
Pseudomonas_A31005,blaOXA-35,BJADBJPP_04284,Accessory
Pseudomonas_A31005,qacF,NA,Unknown
Pseudomonas_A31005,aph(3'')-Ib,BJADBJPP_04286,Accessory
Pseudomonas_A31005,aph(6)-Id,NA,Unknown
Pseudomonas_A31005,blaPDC-8,BJADBJPP_06226,Core
Pseudomonas_A31005,aph(3')-IIb,BJADBJPP_06235,Core
Pseudomonas_C4.2,aph(3')-IIb,PDEBODEP_00935,Core
Pseudomonas_C4.2,blaPDC-80,PDEBODEP_00944,Core
Pseudomonas_C4.2,aph(3'')-Ib,PDEBODEP_03396,Accessory
Pseudomonas_C4.2,aph(6)-Id,PDEBODEP_03397,Accessory
Pseudomonas_C4.2,fosA,PDEBODEP_04691,Core
Pseudomonas_C4.2,catB7,PDEBODEP_05356,Core
Pseudomonas_C4.2,blaOXA-1014,PDEBODEP_06855,Core
Pseudomonas_CH1,aph(3')-IIb,KCEAFJDG_00896,Core
Pseudomonas_CH1,blaPDC-115,KCEAFJDG_00905,Core
Pseudomonas_CH1,fosA,KCEAFJDG_04696,Core
Pseudomonas_CH1,catB7,KCEAFJDG_05265,Core
Pseudomonas_CH1,blaOXA-908,KCEAFJDG_06822,Core
Pseudomonas_Pa58,aph(3')-IIb,EGCCHLPD_00950,Core
Pseudomonas_Pa58,blaPDC-19a,EGCCHLPD_00960,Core
Pseudomonas_Pa58,aadA6,NA,Unknown
Pseudomonas_Pa58,qacEdelta1,NA,Unknown
Pseudomonas_Pa58,sul1,EGCCHLPD_02570,Accessory
Pseudomonas_Pa58,aac(6')-Ib4,NA,Unknown
Pseudomonas_Pa58,aadA1,NA,Unknown
Pseudomonas_Pa58,blaOXA-2,EGCCHLPD_02803,Accessory
Pseudomonas_Pa58,qacG2,NA,Unknown
Pseudomonas_Pa58,blaGES-1,EGCCHLPD_03443,Accessory
Pseudomonas_Pa58,aac(6')-Il,NA,Unknown
Pseudomonas_Pa58,blaGES-1,EGCCHLPD_04720,Accessory
Pseudomonas_Pa58,sul1,EGCCHLPD_04733,Accessory
Pseudomonas_Pa58,qacEdelta1,NA,Unknown
Pseudomonas_Pa58,aadA1,NA,Unknown
Pseudomonas_Pa58,blaOXA-2,EGCCHLPD_04735,Accessory
Pseudomonas_Pa58,aac(6')-Il,NA,Unknown
Pseudomonas_Pa58,ant(2'')-Ia,NA,Unknown
Pseudomonas_Pa58,fosA,EGCCHLPD_04770,Core
Pseudomonas_Pa58,catB7,EGCCHLPD_05248,Core
Pseudomonas_Pa58,blaOXA-488,EGCCHLPD_06758,Core
Pseudomonas_2868,aph(3')-IIb,PBFLLHFF_00885,Core
Pseudomonas_2868,blaPDC-3,PBFLLHFF_00894,Core
Pseudomonas_2868,fosA,NA,Unknown
Pseudomonas_2868,sul1,PBFLLHFF_05159,Accessory
Pseudomonas_2868,qacEdelta1,NA,Unknown
Pseudomonas_2868,aadA2,NA,Unknown
Pseudomonas_2868,blaCARB-2,PBFLLHFF_05161,Accessory
Pseudomonas_2868,aac(6')-Ib,NA,Unknown
Pseudomonas_2868,catB7,PBFLLHFF_05201,Core
Pseudomonas_2868,blaOXA-395,PBFLLHFF_06750,Core
Pseudomonas_AR_0353,blaOXA-488,AGOIFKED_00152,Core
Pseudomonas_AR_0353,catB7,AGOIFKED_01643,Core
Pseudomonas_AR_0353,fosA,AGOIFKED_02116,Core
Pseudomonas_AR_0353,ant(2'')-Ia,NA,Unknown
Pseudomonas_AR_0353,aac(6')-Il,NA,Unknown
Pseudomonas_AR_0353,blaOXA-2,AGOIFKED_02151,Accessory
Pseudomonas_AR_0353,aadA1,NA,Unknown
Pseudomonas_AR_0353,qacEdelta1,NA,Unknown
Pseudomonas_AR_0353,sul1,AGOIFKED_02153,Accessory
Pseudomonas_AR_0353,blaGES-1,AGOIFKED_02160,Accessory
Pseudomonas_AR_0353,aac(6')-Il,NA,Unknown
Pseudomonas_AR_0353,qacG2,NA,Unknown
Pseudomonas_AR_0353,aac(6')-Ib4,NA,Unknown
Pseudomonas_AR_0353,sul1,AGOIFKED_04326,Accessory
Pseudomonas_AR_0353,qacEdelta1,NA,Unknown
Pseudomonas_AR_0353,aadA6,NA,Unknown
Pseudomonas_AR_0353,blaPDC-19a,AGOIFKED_05925,Core
Pseudomonas_AR_0353,aph(3')-IIb,AGOIFKED_05934,Core
Pseudomonas_AR_0353,blaGES-1,AGOIFKED_06804,Accessory
Pseudomonas_DSM_50071,aph(3')-IIb,BNMGHOHH_00826,Core
Pseudomonas_DSM_50071,blaPDC-5,BNMGHOHH_00835,Core
Pseudomonas_DSM_50071,fosA,BNMGHOHH_03943,Core
Pseudomonas_DSM_50071,catB7,BNMGHOHH_04423,Core
Pseudomonas_DSM_50071,blaOXA-904,BNMGHOHH_05762,Core
Pseudomonas_PA14,aph(3')-IIb,LFBOLLLO_00862,Core
Pseudomonas_PA14,blaPDC-34,LFBOLLLO_00871,Core
Pseudomonas_PA14,fosA,LFBOLLLO_04040,Core
Pseudomonas_PA14,catB7,NA,Unknown
Pseudomonas_PA14,blaOXA-488,LFBOLLLO_05927,Core
Pseudomonas_PA6567,aph(3')-IIb,CKHHCFKB_00898,Core
Pseudomonas_PA6567,blaPDC-5,CKHHCFKB_00907,Core
Pseudomonas_PA6567,aac(3)-IIIb,CKHHCFKB_03779,Accessory
Pseudomonas_PA6567,aph(3')-VIa,CKHHCFKB_03781,Accessory
Pseudomonas_PA6567,fosA,CKHHCFKB_04633,Core
Pseudomonas_PA6567,blaIMP-13,CKHHCFKB_05254,Accessory
Pseudomonas_PA6567,aac(6')-Ib4,NA,Unknown
Pseudomonas_PA6567,qacEdelta1,NA,Unknown
Pseudomonas_PA6567,sul1,CKHHCFKB_05255,Accessory
Pseudomonas_PA6567,catB7,CKHHCFKB_05301,Core
Pseudomonas_PA6567,blaOXA-914,CKHHCFKB_06639,Core
Staphylococcus_MRSA107,mecI,NA,Unknown
Staphylococcus_MRSA107,mecR1,LHCEECGN_00026,Accessory
Staphylococcus_MRSA107,mecA,LHCEECGN_00027,Accessory
Staphylococcus_MRSA107,tet(K),LHCEECGN_00035,Accessory
Staphylococcus_MRSA107,erm(A),LHCEECGN_00055,Accessory
Staphylococcus_MRSA107,ant(9)-Ia,LHCEECGN_00056,Accessory
Staphylococcus_MRSA107,ant(9)-Ia,LHCEECGN_00702,Accessory
Staphylococcus_MRSA107,erm(A),LHCEECGN_00703,Accessory
Staphylococcus_MRSA107,dfrG,LHCEECGN_01977,Accessory
Staphylococcus_MRSA107,tet(M),LHCEECGN_01986,Accessory
Staphylococcus_MRSA107,aac(6')-Ie/aph(2'')-Ia,LHCEECGN_02192,Accessory
Staphylococcus_MRSA107,aph(3')-IIIa,LHCEECGN_02198,Accessory
Staphylococcus_MRSA107,sat4,NA,Unknown
Staphylococcus_MRSA107,ant(6)-Ia,NA,Unknown
Staphylococcus_MRSA107,fosB,LHCEECGN_02597,Core
Staphylococcus_MRSA107,blaI,LHCEECGN_02846,Accessory
Staphylococcus_MRSA107,blaR1,LHCEECGN_02847,Accessory
Staphylococcus_MRSA107,blaPC1,LHCEECGN_02848,Accessory
Staphylococcus_Zed,qacA,NA,Unknown
Staphylococcus_Zed,fosB,MBBGEAON_00169,Core
Staphylococcus_Zed,blaI,MBBGEAON_00422,Accessory
Staphylococcus_Zed,blaR1,MBBGEAON_00423,Accessory
Staphylococcus_Zed,blaPC1,MBBGEAON_00424,Accessory
Staphylococcus_Zed,fusC,NA,Unknown
Staphylococcus_Zed,ant(9)-Ia,MBBGEAON_00642,Accessory
Staphylococcus_Zed,erm(A),MBBGEAON_00643,Accessory
Staphylococcus_Zed,mecA,MBBGEAON_00666,Accessory
Staphylococcus_Zed,mecR1,MBBGEAON_00667,Accessory
Staphylococcus_Zed,mecI,NA,Unknown
Staphylococcus_Zed,tet(M),MBBGEAON_01054,Accessory
Staphylococcus_Zed,dfrG,MBBGEAON_01062,Accessory
Staphylococcus_Zed,erm(A),MBBGEAON_02332,Accessory
Staphylococcus_Zed,ant(9)-Ia,MBBGEAON_02333,Accessory
Staphylococcus_Zed,aac(6')-Ie/aph(2'')-Ia,MBBGEAON_02784,Accessory
Staphylococcus_Zed,aph(3')-IIIa,MBBGEAON_02791,Accessory
Staphylococcus_Zed,sat4,NA,Unknown
Staphylococcus_Zed,ant(6)-Ia,NA,Unknown
Staphylococcus_V605,ant(9)-Ia,IOKAHMLN_00045,Accessory
Staphylococcus_V605,erm(A),IOKAHMLN_00046,Accessory
Staphylococcus_V605,tet(K),IOKAHMLN_00066,Accessory
Staphylococcus_V605,mecA,IOKAHMLN_00074,Accessory
Staphylococcus_V605,mecR1,IOKAHMLN_00075,Accessory
Staphylococcus_V605,mecI,NA,Unknown
Staphylococcus_V605,tet(M),IOKAHMLN_00468,Accessory
Staphylococcus_V605,dfrG,IOKAHMLN_00477,Accessory
Staphylococcus_V605,erm(A),IOKAHMLN_01747,Accessory
Staphylococcus_V605,ant(9)-Ia,IOKAHMLN_01748,Accessory
Staphylococcus_V605,aac(6')-Ie/aph(2'')-Ia,IOKAHMLN_02208,Accessory
Staphylococcus_V605,aph(3')-IIIa,IOKAHMLN_02214,Accessory
Staphylococcus_V605,sat4,NA,Unknown
Staphylococcus_V605,ant(6)-Ia,NA,Unknown
Staphylococcus_V605,fosB,IOKAHMLN_02617,Core
Staphylococcus_V605,blaI,IOKAHMLN_02867,Accessory
Staphylococcus_V605,blaR1,IOKAHMLN_02868,Accessory
Staphylococcus_V605,blaPC1,IOKAHMLN_02869,Accessory
Staphylococcus_V605,mupA,IOKAHMLN_03033,Accessory
Staphylococcus_TUM,erm(A),CHANDLAF_00321,Accessory
Staphylococcus_TUM,ant(9)-Ia,CHANDLAF_00322,Accessory
Staphylococcus_TUM,aac(6')-Ie/aph(2'')-Ia,CHANDLAF_00717,Accessory
Staphylococcus_TUM,fosB,CHANDLAF_01112,Core
Staphylococcus_TUM,ant(9)-Ia,CHANDLAF_01283,Accessory
Staphylococcus_TUM,erm(A),CHANDLAF_01284,Accessory
Staphylococcus_TUM,mecI,CHANDLAF_01295,Accessory
Staphylococcus_TUM,mecR1,CHANDLAF_01296,Accessory
Staphylococcus_TUM,mecA,CHANDLAF_01297,Accessory
Staphylococcus_TUM,tet(M),CHANDLAF_01923,Accessory
Staphylococcus_IDSA1,mecA,OCGHGCPD_00046,Accessory
Staphylococcus_IDSA1,mecR1,OCGHGCPD_00047,Accessory
Staphylococcus_IDSA1,mecI,NA,Unknown
Staphylococcus_IDSA1,tet(M),OCGHGCPD_00440,Accessory
Staphylococcus_IDSA1,dfrG,OCGHGCPD_00448,Accessory
Staphylococcus_IDSA1,erm(A),OCGHGCPD_01759,Accessory
Staphylococcus_IDSA1,ant(9)-Ia,OCGHGCPD_01760,Accessory
Staphylococcus_IDSA1,aac(6')-Ie/aph(2'')-Ia,OCGHGCPD_02219,Accessory
Staphylococcus_IDSA1,aph(3')-IIIa,OCGHGCPD_02226,Accessory
Staphylococcus_IDSA1,sat4,NA,Unknown
Staphylococcus_IDSA1,ant(6)-Ia,NA,Unknown
Staphylococcus_IDSA1,fosB,OCGHGCPD_02629,Core
Staphylococcus_IDSA1,blaI,OCGHGCPD_02877,Accessory
Staphylococcus_IDSA1,blaR1,OCGHGCPD_02878,Accessory
Staphylococcus_IDSA1,blaPC1,OCGHGCPD_02879,Accessory
Staphylococcus_SA0413Rev,mecA,LEIKEEFP_00035,Accessory
Staphylococcus_SA0413Rev,mecR1,LEIKEEFP_00036,Accessory
Staphylococcus_SA0413Rev,aac(6')-Ie/aph(2'')-Ia,LEIKEEFP_00728,Accessory
Staphylococcus_SA0413Rev,fosB,LEIKEEFP_02549,Core
Staphylococcus_SA0413Rev,tet(K),LEIKEEFP_02932,Accessory
Staphylococcus_SA0413Rev,catA,LEIKEEFP_02936,Accessory
Staphylococcus_SA0413Rev,erm(C),LEIKEEFP_02938,Accessory
Staphylococcus_DSM_20231,fosB,LAFHCLPK_02208,Core
Staphylococcus_Z0118SA0043,ant(9)-Ia,PIFHNEHM_00045,Accessory
Staphylococcus_Z0118SA0043,erm(A),PIFHNEHM_00046,Accessory
Staphylococcus_Z0118SA0043,tet(K),PIFHNEHM_00067,Accessory
Staphylococcus_Z0118SA0043,mecA,PIFHNEHM_00075,Accessory
Staphylococcus_Z0118SA0043,mecR1,PIFHNEHM_00076,Accessory
Staphylococcus_Z0118SA0043,mecI,NA,Unknown
Staphylococcus_Z0118SA0043,tet(M),PIFHNEHM_00413,Accessory
Staphylococcus_Z0118SA0043,dfrG,PIFHNEHM_00423,Accessory
Staphylococcus_Z0118SA0043,erm(A),PIFHNEHM_01630,Accessory
Staphylococcus_Z0118SA0043,ant(9)-Ia,NA,Unknown
Staphylococcus_Z0118SA0043,aac(6')-Ie/aph(2'')-Ia,PIFHNEHM_02007,Accessory
Staphylococcus_Z0118SA0043,fosB,PIFHNEHM_02410,Core
Staphylococcus_Z0118SA0043,blaI,PIFHNEHM_02727,Accessory
Staphylococcus_Z0118SA0043,blaR1,PIFHNEHM_02728,Accessory
Staphylococcus_Z0118SA0043,blaPC1,PIFHNEHM_02729,Accessory
Staphylococcus_FDAARGOS_773,fosB,BDAHAJFJ_01975,Core
Staphylococcus_FDAARGOS_773,tet(K),NA,Unknown
Staphylococcus_V521,ant(9)-Ia,ACGGBPCA_00045,Accessory
Staphylococcus_V521,erm(A),ACGGBPCA_00046,Accessory
Staphylococcus_V521,tet(K),ACGGBPCA_00066,Accessory
Staphylococcus_V521,mecA,ACGGBPCA_00074,Accessory
Staphylococcus_V521,mecR1,ACGGBPCA_00075,Accessory
Staphylococcus_V521,mecI,NA,Unknown
Staphylococcus_V521,tet(M),ACGGBPCA_00473,Accessory
Staphylococcus_V521,dfrG,ACGGBPCA_00481,Accessory
Staphylococcus_V521,erm(A),ACGGBPCA_01694,Accessory
Staphylococcus_V521,ant(9)-Ia,ACGGBPCA_01695,Accessory
Staphylococcus_V521,aac(6')-Ie/aph(2'')-Ia,ACGGBPCA_02221,Accessory
Staphylococcus_V521,aph(3')-IIIa,ACGGBPCA_02227,Accessory
Staphylococcus_V521,sat4,NA,Unknown
Staphylococcus_V521,ant(6)-Ia,NA,Unknown
Staphylococcus_V521,fosB,ACGGBPCA_02627,Core
Staphylococcus_V521,blaI,ACGGBPCA_02878,Accessory
Staphylococcus_V521,blaR1,ACGGBPCA_02879,Accessory
Staphylococcus_V521,blaPC1,ACGGBPCA_02880,Accessory
Staphylococcus_V521,qacA,NA,Unknown
Staphylococcus_M48,mecA,CDJMFDGG_00033,Accessory
Staphylococcus_M48,mecR1,CDJMFDGG_00034,Accessory
Staphylococcus_M48,mecI,NA,Unknown
Staphylococcus_M48,tet(M),CDJMFDGG_00434,Accessory
Staphylococcus_M48,dfrG,CDJMFDGG_00442,Accessory
Staphylococcus_M48,erm(A),CDJMFDGG_01644,Accessory
Staphylococcus_M48,ant(9)-Ia,CDJMFDGG_01645,Accessory
Staphylococcus_M48,aac(6')-Ie/aph(2'')-Ia,CDJMFDGG_02177,Accessory
Staphylococcus_M48,aph(3')-IIIa,CDJMFDGG_02183,Accessory
Staphylococcus_M48,sat4,NA,Unknown
Staphylococcus_M48,ant(6)-Ia,NA,Unknown
Staphylococcus_M48,fosB,CDJMFDGG_02586,Core
Staphylococcus_M48,blaR1,NA,Unknown
Staphylococcus_M48,blaPC1,CDJMFDGG_02843,Accessory
Staphylococcus_NCTC_8325,fosB,HLMDJBAP_02329,Core
Staphylococcus_Gv88,catA,APDFIDGF_02913,Accessory
Staphylococcus_Gv88,ant(9)-Ia,NA,Unknown
Staphylococcus_Gv88,erm(A),APDFIDGF_00046,Accessory
Staphylococcus_Gv88,mecA,APDFIDGF_00068,Accessory
Staphylococcus_Gv88,mecR1,APDFIDGF_00069,Accessory
Staphylococcus_Gv88,mecI,NA,Unknown
Staphylococcus_Gv88,ant(6)-Ia,APDFIDGF_00369,Accessory
Staphylococcus_Gv88,sat4,APDFIDGF_00370,Accessory
Staphylococcus_Gv88,aph(3')-IIIa,APDFIDGF_00371,Accessory
Staphylococcus_Gv88,tet(M),APDFIDGF_00421,Accessory
Staphylococcus_Gv88,erm(A),APDFIDGF_01786,Accessory
Staphylococcus_Gv88,ant(9)-Ia,NA,Unknown
Staphylococcus_Gv88,aac(6')-Ie/aph(2'')-Ia,APDFIDGF_02235,Accessory
Staphylococcus_Gv88,fosB,APDFIDGF_02514,Core
Staphylococcus_Gv88,blaI,APDFIDGF_02764,Accessory
Staphylococcus_Gv88,blaR1,APDFIDGF_02765,Accessory
Staphylococcus_Gv88,blaPC1,APDFIDGF_02766,Accessory
Staphylococcus_Z0118SA0044,ant(9)-Ia,JJDKMLJM_00045,Accessory
Staphylococcus_Z0118SA0044,erm(A),JJDKMLJM_00046,Accessory
Staphylococcus_Z0118SA0044,tet(K),JJDKMLJM_00067,Accessory
Staphylococcus_Z0118SA0044,mecA,JJDKMLJM_00075,Accessory
Staphylococcus_Z0118SA0044,mecR1,JJDKMLJM_00076,Accessory
Staphylococcus_Z0118SA0044,mecI,NA,Unknown
Staphylococcus_Z0118SA0044,tet(M),JJDKMLJM_00413,Accessory
Staphylococcus_Z0118SA0044,dfrG,JJDKMLJM_00423,Accessory
Staphylococcus_Z0118SA0044,erm(A),JJDKMLJM_01631,Accessory
Staphylococcus_Z0118SA0044,ant(9)-Ia,JJDKMLJM_01632,Accessory
Staphylococcus_Z0118SA0044,aac(6')-Ie/aph(2'')-Ia,JJDKMLJM_02007,Accessory
Staphylococcus_Z0118SA0044,fosB,JJDKMLJM_02409,Core
Staphylococcus_Z0118SA0044,blaI,JJDKMLJM_02725,Accessory
Staphylococcus_Z0118SA0044,blaR1,JJDKMLJM_02726,Accessory
Staphylococcus_Z0118SA0044,blaPC1,JJDKMLJM_02727,Accessory
Staphylococcus_BPH2947,ant(9)-Ia,HIFIFJJJ_00045,Accessory
Staphylococcus_BPH2947,erm(A),HIFIFJJJ_00046,Accessory
Staphylococcus_BPH2947,tet(K),HIFIFJJJ_00070,Accessory
Staphylococcus_BPH2947,mecA,HIFIFJJJ_00078,Accessory
Staphylococcus_BPH2947,mecR1,HIFIFJJJ_00079,Accessory
Staphylococcus_BPH2947,mecI,NA,Unknown
Staphylococcus_BPH2947,tet(M),HIFIFJJJ_00474,Accessory
Staphylococcus_BPH2947,dfrG,HIFIFJJJ_00482,Accessory
Staphylococcus_BPH2947,erm(A),HIFIFJJJ_01682,Accessory
Staphylococcus_BPH2947,ant(9)-Ia,HIFIFJJJ_01683,Accessory
Staphylococcus_BPH2947,aac(6')-Ie/aph(2'')-Ia,HIFIFJJJ_02143,Accessory
Staphylococcus_BPH2947,aph(3')-IIIa,HIFIFJJJ_02149,Accessory
Staphylococcus_BPH2947,sat4,HIFIFJJJ_02150,Accessory
Staphylococcus_BPH2947,ant(6)-Ia,NA,Unknown
Staphylococcus_BPH2947,fosB,HIFIFJJJ_02549,Core
Staphylococcus_BPH2947,blaI,HIFIFJJJ_02798,Accessory
Staphylococcus_BPH2947,blaR1,HIFIFJJJ_02799,Accessory
Staphylococcus_BPH2947,blaPC1,HIFIFJJJ_02800,Accessory
Staphylococcus_BPH2947,qacA,HIFIFJJJ_02977,Accessory
Staphylococcus_ATCC_12600,fosB,LGMDHDGL_02206,Core
Staphylococcus_Gv51,ant(9)-Ia,NA,Unknown
Staphylococcus_Gv51,erm(A),MOAALIGH_00046,Accessory
Staphylococcus_Gv51,mecA,MOAALIGH_00068,Accessory
Staphylococcus_Gv51,mecR1,MOAALIGH_00069,Accessory
Staphylococcus_Gv51,mecI,NA,Unknown
Staphylococcus_Gv51,ant(6)-Ia,MOAALIGH_00367,Accessory
Staphylococcus_Gv51,sat4,MOAALIGH_00368,Accessory
Staphylococcus_Gv51,aph(3')-IIIa,MOAALIGH_00369,Accessory
Staphylococcus_Gv51,tet(M),MOAALIGH_00418,Accessory
Staphylococcus_Gv51,ant(9)-Ia,NA,Unknown
Staphylococcus_Gv51,aac(6')-Ie/aph(2'')-Ia,MOAALIGH_02234,Accessory
Staphylococcus_Gv51,fosB,MOAALIGH_02513,Core
Staphylococcus_Gv51,blaI,MOAALIGH_02764,Accessory
Staphylococcus_Gv51,blaR1,MOAALIGH_02765,Accessory
Staphylococcus_Gv51,blaPC1,MOAALIGH_02766,Accessory
Staphylococcus_Gv51,catA,MOAALIGH_02916,Accessory
Staphylococcus_CUBIST-27,bleO,HIFGLBON_00033,Accessory
Staphylococcus_CUBIST-27,aadD1,HIFGLBON_00034,Accessory
Staphylococcus_CUBIST-27,mupA,NA,Unknown
Staphylococcus_CUBIST-27,qacC,HIFGLBON_00045,Accessory
Staphylococcus_CUBIST-27,dfrS1,HIFGLBON_00049,Accessory
Staphylococcus_CUBIST-27,aac(6')-Ie/aph(2'')-Ia,HIFGLBON_00053,Accessory
Staphylococcus_CUBIST-27,bleO,HIFGLBON_00067,Accessory
Staphylococcus_CUBIST-27,aadD1,NA,Unknown
Staphylococcus_CUBIST-27,mecA,HIFGLBON_00073,Accessory
Staphylococcus_CUBIST-27,mecR1,HIFGLBON_00074,Accessory
Staphylococcus_CUBIST-27,mecI,HIFGLBON_00075,Accessory
Staphylococcus_CUBIST-27,erm(A),HIFGLBON_00083,Accessory
Staphylococcus_CUBIST-27,ant(9)-Ia,HIFGLBON_00084,Accessory
Staphylococcus_CUBIST-27,erm(A),HIFGLBON_01837,Accessory
Staphylococcus_CUBIST-27,ant(9)-Ia,HIFGLBON_01838,Accessory
Staphylococcus_CUBIST-27,erm(A),HIFGLBON_02309,Accessory
Staphylococcus_CUBIST-27,ant(9)-Ia,HIFGLBON_02310,Accessory
Staphylococcus_CUBIST-27,blaZ,HIFGLBON_02430,Accessory
Staphylococcus_CUBIST-27,blaR1,HIFGLBON_02431,Accessory
Staphylococcus_CUBIST-27,blaI,HIFGLBON_02432,Accessory
Staphylococcus_CUBIST-27,fosB,HIFGLBON_02609,Core
Staphylococcus_2010N21-057,mecA,BBJEMHPP_00054,Accessory
Staphylococcus_2010N21-057,mecR1,BBJEMHPP_00055,Accessory
Staphylococcus_2010N21-057,mecI,NA,Unknown
Staphylococcus_2010N21-057,blaPC1,BBJEMHPP_00172,Accessory
Staphylococcus_2010N21-057,blaR1,BBJEMHPP_00173,Accessory
Staphylococcus_2010N21-057,blaI,BBJEMHPP_00174,Accessory
Staphylococcus_2010N21-057,tet(M),BBJEMHPP_00450,Accessory
Staphylococcus_2010N21-057,dfrG,BBJEMHPP_00458,Accessory
Staphylococcus_2010N21-057,erm(A),BBJEMHPP_01663,Accessory
Staphylococcus_2010N21-057,ant(9)-Ia,BBJEMHPP_01664,Accessory
Staphylococcus_2010N21-057,aac(6')-Ie/aph(2'')-Ia,BBJEMHPP_02121,Accessory
Staphylococcus_2010N21-057,aph(3')-IIIa,BBJEMHPP_02127,Accessory
Staphylococcus_2010N21-057,sat4,BBJEMHPP_02128,Accessory
Staphylococcus_2010N21-057,ant(6)-Ia,NA,Unknown
Staphylococcus_2010N21-057,fosB,BBJEMHPP_02482,Core
Staphylococcus_2010N21-057,blaI,BBJEMHPP_02731,Accessory
Staphylococcus_2010N21-057,blaR1,BBJEMHPP_02732,Accessory
Staphylococcus_2010N21-057,blaPC1,BBJEMHPP_02733,Accessory
Staphylococcus_2010N21-057,blaI,BBJEMHPP_02903,Accessory
Staphylococcus_2010N21-057,blaR1,BBJEMHPP_02904,Accessory
Staphylococcus_2010N21-057,blaPC1,BBJEMHPP_02905,Accessory
Staphylococcus_2010N21-057,qacA,BBJEMHPP_02910,Accessory
Staphylococcus_Taliyah,erm(C),NA,Unknown
Staphylococcus_Taliyah,ant(9)-Ia,CNKKAILI_00264,Accessory
Staphylococcus_Taliyah,erm(A),CNKKAILI_00265,Accessory
Staphylococcus_Taliyah,mecA,CNKKAILI_00289,Accessory
Staphylococcus_Taliyah,mecR1,CNKKAILI_00290,Accessory
Staphylococcus_Taliyah,mecI,NA,Unknown
Staphylococcus_Taliyah,blaPC1,CNKKAILI_00513,Accessory
Staphylococcus_Taliyah,blaR1,CNKKAILI_00514,Accessory
Staphylococcus_Taliyah,blaI,CNKKAILI_00515,Accessory
Staphylococcus_Taliyah,fosB,CNKKAILI_00762,Core
Staphylococcus_Taliyah,ant(6)-Ia,NA,Unknown
Staphylococcus_Taliyah,sat4,NA,Unknown
Staphylococcus_Taliyah,aph(3')-IIIa,CNKKAILI_01117,Accessory
Staphylococcus_Taliyah,aac(6')-Ie/aph(2'')-Ia,CNKKAILI_01124,Accessory
Staphylococcus_Taliyah,ant(9)-Ia,CNKKAILI_01577,Accessory
Staphylococcus_Taliyah,erm(A),CNKKAILI_01578,Accessory
Staphylococcus_Taliyah,dfrG,CNKKAILI_02855,Accessory
Staphylococcus_Taliyah,tet(M),CNKKAILI_02863,Accessory
Staphylococcus_Taliyah,qacA,CNKKAILI_03152,Accessory
Staphylococcus_Taliyah,qacA,CNKKAILI_03174,Accessory
Staphylococcus_Taliyah,erm(C),CNKKAILI_03011,Accessory
Staphylococcus_Taliyah,tet(M),NA,Unknown
