,Acinetobacter,Enterobacter,Enterococcus,Klebsiella,Pseudomonas,Staphylococcus
VFG000077,0,0,20,0,0,0
VFG000111,0,0,0,0,1,0
VFG000112,0,0,0,0,8,0
VFG000114,0,0,0,0,10,0
VFG000115,0,0,0,0,19,0
VFG000116,0,0,0,0,20,0
VFG000118,0,0,0,0,20,0
VFG000119,0,0,0,0,20,0
VFG000120,0,0,0,0,20,0
VFG000121,0,0,0,0,20,0
VFG000122,0,0,0,0,20,0
VFG000123,0,0,0,0,19,0
VFG000124,0,0,0,0,20,0
VFG000125,0,0,0,0,12,0
VFG000126,0,0,0,0,14,0
VFG000127,0,0,0,0,17,0
VFG000128,0,0,0,0,1,0
VFG000129,0,0,0,0,19,0
VFG000130,0,0,0,0,1,0
VFG000131,0,0,0,0,20,0
VFG000132,0,0,0,0,17,0
VFG000133,0,0,0,0,20,0
VFG000134,0,0,0,0,20,0
VFG000135,0,0,0,0,14,0
VFG000136,0,0,0,0,19,0
VFG000137,0,0,0,0,4,0
VFG000138,0,0,0,0,4,0
VFG000139,0,0,0,0,20,0
VFG000140,0,0,0,0,20,0
VFG000141,0,0,0,0,20,0
VFG000142,0,0,0,0,20,0
VFG000143,0,0,0,0,20,0
VFG000144,0,0,0,0,10,0
VFG000145,0,0,0,0,1,0
VFG000146,0,0,0,0,14,0
VFG000147,0,0,0,0,13,0
VFG000148,0,0,0,0,17,0
VFG000150,0,0,0,0,15,0
VFG000151,0,0,0,0,19,0
VFG000152,0,0,0,0,20,0
VFG000153,0,0,0,0,1,0
VFG000154,0,0,0,0,20,0
VFG000155,0,0,0,0,20,0
VFG000156,0,0,0,0,1,0
VFG000157,0,0,0,0,16,0
VFG000159,0,0,0,0,7,0
VFG000160,0,0,0,0,4,0
VFG000161,0,0,0,0,4,0
VFG000162,0,0,0,0,20,0
VFG000163,0,0,0,0,1,0
VFG000164,0,0,0,0,12,0
VFG000165,0,0,0,0,14,0
VFG000166,0,0,0,0,14,0
VFG000167,0,0,0,0,20,0
VFG000168,0,0,0,0,1,0
VFG000169,0,0,0,0,19,0
VFG000170,0,0,0,0,19,0
VFG000171,0,0,0,0,15,0
VFG000172,0,0,0,0,20,0
VFG000173,0,0,0,0,10,0
VFG000174,0,0,0,0,20,0
VFG000175,0,0,0,0,20,0
VFG000176,0,0,0,0,20,0
VFG000177,0,0,0,0,20,0
VFG000178,0,0,0,0,20,0
VFG000179,0,0,0,0,20,0
VFG000180,0,0,0,0,20,0
VFG000181,0,0,0,0,20,0
VFG000182,0,0,0,0,20,0
VFG000183,0,0,0,0,20,0
VFG000184,0,0,0,0,20,0
VFG000185,0,0,0,0,13,0
VFG000186,0,0,0,0,4,0
VFG000187,0,0,0,0,20,0
VFG000188,0,0,0,0,20,0
VFG000189,0,0,0,0,6,0
VFG000191,0,0,0,0,8,0
VFG000192,0,0,0,0,7,0
VFG000193,0,0,0,0,20,0
VFG000194,0,0,0,0,20,0
VFG000195,0,0,0,0,6,0
VFG000196,0,0,0,0,19,0
VFG000197,0,0,0,0,14,0
VFG000198,0,0,0,0,16,0
VFG000199,0,0,0,0,20,0
VFG000200,0,0,0,0,19,0
VFG000201,0,0,0,0,12,0
VFG000202,0,0,0,0,1,0
VFG000203,0,0,0,0,2,0
VFG000204,0,0,0,0,14,0
VFG000205,0,0,0,0,17,0
VFG000206,0,0,0,0,16,0
VFG000207,0,0,0,0,16,0
VFG000208,0,0,0,0,20,0
VFG000209,0,0,0,0,5,0
VFG000210,0,0,0,0,14,0
VFG000211,0,0,0,0,6,0
VFG000212,0,0,0,0,2,0
VFG000213,0,0,0,0,2,0
VFG000214,0,0,0,0,20,0
VFG000215,0,0,0,0,19,0
VFG000216,0,0,0,0,16,0
VFG000217,0,0,0,0,1,0
VFG000218,0,0,0,0,15,0
VFG000219,0,0,0,0,2,0
VFG000220,0,0,0,0,13,0
VFG000362,0,0,0,4,0,0
VFG000363,0,0,0,4,0,0
VFG000475,0,2,0,0,0,0
VFG000477,0,20,0,20,0,0
VFG000478,0,20,0,20,0,0
VFG000670,0,5,0,0,0,0
VFG000916,0,19,0,0,0,0
VFG000924,0,18,0,0,0,0
VFG000925,0,18,0,0,0,0
VFG001207,0,0,0,0,18,0
VFG001208,0,0,0,0,18,0
VFG001209,0,0,0,0,17,0
VFG001210,0,0,0,0,1,0
VFG001211,0,0,0,0,16,0
VFG001212,0,0,0,0,18,0
VFG001213,0,0,0,0,20,0
VFG001214,0,0,0,0,18,0
VFG001215,0,0,0,0,5,0
VFG001216,0,0,0,0,18,0
VFG001217,0,0,0,0,1,0
VFG001218,0,0,0,0,7,0
VFG001219,0,0,0,0,18,0
VFG001220,0,0,0,0,18,0
VFG001221,0,0,0,0,17,0
VFG001222,0,0,0,0,20,0
VFG001223,0,0,0,0,20,0
VFG001224,0,0,0,0,15,0
VFG001225,0,0,0,0,20,0
VFG001226,0,0,0,0,20,0
VFG001227,0,0,0,0,20,0
VFG001228,0,0,0,0,7,0
VFG001229,0,0,0,0,13,0
VFG001230,0,0,0,0,14,0
VFG001231,0,0,0,0,3,0
VFG001232,0,0,0,0,7,0
VFG001233,0,0,0,0,1,0
VFG001234,0,0,0,0,4,0
VFG001235,0,0,0,0,20,0
VFG001236,0,0,0,0,20,0
VFG001237,0,0,0,0,17,0
VFG001238,0,0,0,0,12,0
VFG001239,0,0,0,0,20,0
VFG001240,0,0,0,0,20,0
VFG001241,0,0,0,0,16,0
VFG001242,0,0,0,0,20,0
VFG001243,0,0,0,0,1,0
VFG001244,0,0,0,0,6,0
VFG001245,0,0,0,0,6,0
VFG001246,0,0,0,0,9,0
VFG001247,0,0,0,0,9,0
VFG001248,0,0,0,0,20,0
VFG001249,0,0,0,0,20,0
VFG001250,0,0,0,0,7,0
VFG001251,0,0,0,0,20,0
VFG001252,0,0,0,0,19,0
VFG001253,0,0,0,0,17,0
VFG001254,0,0,0,0,20,0
VFG001255,0,0,0,0,20,0
VFG001256,0,0,0,0,20,0
VFG001257,0,0,0,0,20,0
VFG001258,0,0,0,0,20,0
VFG001259,0,0,0,0,20,0
VFG001260,0,0,0,0,20,0
VFG001261,0,0,0,0,3,0
VFG001262,0,0,0,0,20,0
VFG001263,0,0,0,0,20,0
VFG001264,0,0,0,0,1,0
VFG001265,0,0,0,0,20,0
VFG001266,0,0,0,0,7,0
VFG001267,0,0,0,0,1,0
VFG001268,0,0,0,0,12,0
VFG001273,0,0,0,0,0,20
VFG001274,0,0,0,0,0,2
VFG001275,0,0,0,0,0,20
VFG001281,0,0,0,0,0,13
VFG001284,0,0,0,0,0,20
VFG001286,0,0,0,0,0,7
VFG001287,0,0,0,0,0,5
VFG001288,0,0,0,0,0,7
VFG001294,0,0,0,0,0,18
VFG001301,0,0,0,0,0,2
VFG001302,0,0,0,0,0,5
VFG001313,0,0,0,0,0,14
VFG001314,0,0,0,0,0,19
VFG001317,0,0,0,0,0,20
VFG001318,0,0,0,0,0,20
VFG001319,0,0,0,0,0,20
VFG001321,0,0,0,0,0,20
VFG001324,0,0,0,0,0,20
VFG001325,0,0,0,0,0,12
VFG001326,0,0,0,0,0,10
VFG001445,0,0,0,7,0,0
VFG001798,0,0,0,0,0,20
VFG001809,0,0,0,0,0,1
VFG002057,0,0,0,0,14,0
VFG002058,0,0,0,0,19,0
VFG002059,0,0,0,0,15,0
VFG002060,0,0,0,0,11,0
VFG002061,0,0,0,0,6,0
VFG002062,0,0,0,0,12,0
VFG002064,0,0,0,0,20,0
VFG002065,0,0,0,0,19,0
VFG002066,0,0,0,0,19,0
VFG002067,0,0,0,0,3,0
VFG002068,0,0,0,0,3,0
VFG002069,0,0,0,0,20,0
VFG002070,0,0,0,0,5,0
VFG002071,0,0,0,0,20,0
VFG002072,0,0,0,0,20,0
VFG002073,0,0,0,0,13,0
VFG002074,0,0,0,0,1,0
VFG002075,0,0,0,0,20,0
VFG002076,0,0,0,0,1,0
VFG002077,0,0,0,0,3,0
VFG002404,0,0,0,0,0,5
VFG002405,0,0,0,0,0,20
VFG002407,0,0,0,0,0,20
VFG002408,0,0,0,0,0,7
VFG002414,0,0,0,20,0,0
VFG002418,0,0,0,0,0,17
VFG002422,0,0,0,0,0,3
VFG002964,0,0,0,0,0,17
VFG002969,0,0,0,0,0,4
VFG002970,0,0,0,0,0,2
VFG002972,0,0,0,0,0,12
VFG003087,0,11,0,0,0,0
VFG003449,0,0,0,0,0,5
VFG003509,0,0,0,4,0,0
VFG004056,0,2,0,0,0,0
VFG004063,0,18,0,20,0,0
VFG004450,0,0,0,0,0,2
VFG004452,0,0,0,0,0,13
VFG004458,0,0,0,0,0,7
VFG004463,0,0,0,0,0,11
VFG004469,0,0,0,0,0,7
VFG004474,0,0,0,0,0,13
VFG004482,0,0,0,0,0,17
VFG004484,0,0,0,0,0,1
VFG004485,0,0,0,0,0,2
VFG004491,0,0,0,0,0,18
VFG004494,0,0,0,0,0,2
VFG004502,0,0,0,0,0,13
VFG004504,0,0,0,0,0,1
VFG004512,0,0,0,0,0,3
VFG004519,0,0,0,0,0,13
VFG004527,0,0,0,0,0,1
VFG004529,0,0,0,0,0,13
VFG004538,0,0,0,0,0,13
VFG004543,0,0,0,0,0,19
VFG004563,0,0,0,0,0,18
VFG004565,0,0,0,0,0,2
VFG004572,0,0,0,0,0,18
VFG004575,0,0,0,0,0,1
VFG004586,0,0,0,0,0,1
VFG004588,0,0,0,0,0,1
VFG004593,0,0,0,0,0,3
VFG004594,0,0,0,0,0,9
VFG004595,0,0,0,0,0,1
VFG004603,0,0,0,0,0,4
VFG004604,0,0,0,0,0,1
VFG004609,0,0,0,0,0,14
VFG004613,0,0,0,0,0,18
VFG004615,0,0,0,0,0,2
VFG004620,0,0,0,0,0,18
VFG004623,0,0,0,0,0,2
VFG004631,0,0,0,0,0,7
VFG004634,0,0,0,0,0,13
VFG004638,0,0,0,0,0,14
VFG004640,0,0,0,0,0,4
VFG004646,0,0,0,0,0,1
VFG004648,0,0,0,0,0,4
VFG004649,0,0,0,0,0,1
VFG004655,0,0,0,0,0,5
VFG004658,0,0,0,0,0,2
VFG004660,0,0,0,0,0,12
VFG004666,0,0,0,0,0,13
VFG004667,0,0,0,0,0,2
VFG004673,0,0,0,0,0,13
VFG004678,0,0,0,0,0,15
VFG004684,0,0,0,0,0,16
VFG004687,0,0,0,0,0,2
VFG004693,0,0,0,0,0,16
VFG004696,0,0,0,0,0,2
VFG004701,0,0,0,0,0,16
VFG004703,0,0,0,0,0,2
VFG004711,0,0,0,0,0,2
VFG004719,0,0,0,0,0,18
VFG004722,0,0,0,0,0,2
VFG004732,0,0,0,0,0,18
VFG004735,0,0,0,0,0,20
VFG004738,0,0,0,0,0,2
VFG004741,0,0,0,0,0,18
VFG004744,0,0,0,0,0,2
VFG004753,0,0,0,0,0,5
VFG004756,0,0,0,0,0,2
VFG004758,0,0,0,0,0,2
VFG004769,0,0,0,0,0,2
VFG004771,0,0,0,0,0,13
VFG004773,0,0,0,0,0,5
VFG004778,0,0,0,0,0,18
VFG004781,0,0,0,0,0,2
VFG004787,0,0,0,0,0,3
VFG004788,0,0,0,0,0,1
VFG004789,0,0,0,0,0,1
VFG004790,0,0,0,0,0,12
VFG004796,0,0,0,0,0,20
VFG004813,0,0,0,0,0,18
VFG004842,0,0,0,0,0,17
VFG004845,0,0,0,0,0,2
VFG004853,0,0,0,0,0,18
VFG004861,0,0,0,0,0,16
VFG004864,0,0,0,0,0,2
VFG004885,0,0,0,0,0,18
VFG004886,0,0,0,0,0,20
VFG004887,0,0,0,0,0,17
VFG004890,0,0,0,0,0,18
VFG004891,0,0,0,0,0,17
VFG004892,0,0,0,0,0,18
VFG004893,0,0,0,0,0,18
VFG004894,0,0,0,0,0,14
VFG004895,0,0,0,0,0,14
VFG004897,0,0,0,0,0,18
VFG004899,0,0,0,0,0,18
VFG004933,0,0,0,0,0,2
VFG004939,0,0,0,0,0,2
VFG004942,0,0,0,0,0,2
VFG004945,0,0,0,0,0,2
VFG004948,0,0,0,0,0,2
VFG004950,0,0,0,0,0,4
VFG004951,0,0,0,0,0,2
VFG004952,0,0,0,0,0,4
VFG004953,0,0,0,0,0,2
VFG004956,0,0,0,0,0,2
VFG004959,0,0,0,0,0,2
VFG004966,0,0,0,0,0,2
VFG004968,0,0,0,0,0,2
VFG004976,0,0,0,0,0,1
VFG004978,0,0,0,0,0,2
VFG004982,0,0,0,0,0,2
VFG004985,0,0,0,0,0,2
VFG004995,0,0,0,0,0,10
VFG004997,0,0,0,0,0,2
VFG005003,0,0,0,0,0,2
VFG005017,0,0,0,0,0,1
VFG005024,0,0,0,0,0,2
VFG005025,0,0,0,0,0,13
VFG005033,0,0,0,0,0,7
VFG005036,0,0,0,0,0,13
VFG005041,0,0,0,0,0,7
VFG005047,0,0,0,0,0,12
VFG005055,0,0,0,0,0,5
VFG005057,0,0,0,0,0,2
VFG005058,0,0,0,0,0,13
VFG005063,0,0,0,0,0,5
VFG005068,0,0,0,0,0,2
VFG005069,0,0,0,0,0,13
VFG005074,0,0,0,0,0,5
VFG005079,0,0,0,0,0,2
VFG005080,0,0,0,0,0,13
VFG005085,0,0,0,0,0,5
VFG005090,0,0,0,0,0,2
VFG005091,0,0,0,0,0,13
VFG005096,0,0,0,0,0,7
VFG005102,0,0,0,0,0,13
VFG005107,0,0,0,0,0,5
VFG005112,0,0,0,0,0,2
VFG005113,0,0,0,0,0,13
VFG005118,0,0,0,0,0,5
VFG005121,0,0,0,0,0,2
VFG005122,0,0,0,0,0,13
VFG005127,0,0,0,0,0,4
VFG005130,0,0,0,0,0,2
VFG005131,0,0,0,0,0,13
VFG005134,0,0,0,0,0,1
VFG005579,0,0,20,0,0,20
VFG005810,0,0,8,0,0,0
VFG005973,0,0,20,0,0,0
VFG012457,0,0,0,1,0,0
VFG012529,0,0,0,12,0,0
VFG012539,0,0,0,17,0,0
VFG012564,0,0,0,17,0,0
VFG012567,0,0,0,18,0,0
VFG012575,0,4,0,0,0,0
VFG012582,0,0,0,20,0,0
VFG012590,0,6,0,0,0,0
VFG012601,0,19,0,0,0,0
VFG012936,0,4,0,0,0,0
VFG013021,0,2,0,0,0,0
VFG013029,0,1,0,0,0,0
VFG013033,0,2,0,0,0,0
VFG013036,0,16,0,0,0,0
VFG013045,0,0,0,20,0,0
VFG013051,0,1,0,0,0,0
VFG013466,0,20,0,20,0,0
VFG013775,0,0,0,0,2,0
VFG013783,0,0,0,0,5,0
VFG013784,0,0,0,0,5,0
VFG013797,0,0,0,0,3,0
VFG013810,0,0,0,0,2,0
VFG013823,0,0,0,0,19,0
VFG013849,0,0,0,0,2,0
VFG013862,0,0,0,0,2,0
VFG013872,0,0,0,0,2,0
VFG013885,0,0,0,0,2,0
VFG013911,0,0,0,0,5,0
VFG013925,0,0,0,0,2,0
VFG013931,0,0,0,0,2,0
VFG013937,0,0,0,0,2,0
VFG013948,0,0,0,0,20,0
VFG013962,0,0,0,0,2,0
VFG013972,0,0,0,0,1,0
VFG013973,0,0,0,0,5,0
VFG014044,0,0,0,0,13,0
VFG014057,0,0,0,0,7,0
VFG014062,0,0,0,0,5,0
VFG014075,0,0,0,0,1,0
VFG014080,0,0,0,0,19,0
VFG014093,0,0,0,0,4,0
VFG014099,0,0,0,0,6,0
VFG014100,0,0,0,0,4,0
VFG014101,0,0,0,0,2,0
VFG014102,0,0,0,0,4,0
VFG014103,0,0,0,0,4,0
VFG014105,0,0,0,0,4,0
VFG014106,0,0,0,0,1,0
VFG014107,0,0,0,0,4,0
VFG014108,0,0,0,0,4,0
VFG014109,0,0,0,0,4,0
VFG014110,0,0,0,0,4,0
VFG014111,0,0,0,0,3,0
VFG014112,0,0,0,0,4,0
VFG014113,0,0,0,0,4,0
VFG014116,0,0,0,0,15,0
VFG014117,0,0,0,0,7,0
VFG014118,0,0,0,0,4,0
VFG014119,0,0,0,0,4,0
VFG014120,0,0,0,0,4,0
VFG014122,0,0,0,0,4,0
VFG014123,0,0,0,0,4,0
VFG014124,0,0,0,0,4,0
VFG014125,0,0,0,0,4,0
VFG014126,0,0,0,0,4,0
VFG014127,0,0,0,0,4,0
VFG014128,0,0,0,0,4,0
VFG014129,0,0,0,0,9,0
VFG014130,0,0,0,0,5,0
VFG014131,0,0,0,0,9,0
VFG014132,0,0,0,0,5,0
VFG014133,0,0,0,0,4,0
VFG014134,0,0,0,0,5,0
VFG014135,0,0,0,0,9,0
VFG014136,0,0,0,0,1,0
VFG014137,0,0,0,0,1,0
VFG014138,0,0,0,0,1,0
VFG014139,0,0,0,0,1,0
VFG014140,0,0,0,0,1,0
VFG014141,0,0,0,0,1,0
VFG014142,0,0,0,0,1,0
VFG014143,0,0,0,0,1,0
VFG014144,0,0,0,0,1,0
VFG014145,0,0,0,0,1,0
VFG014146,0,0,0,0,1,0
VFG014147,0,0,0,0,1,0
VFG014148,0,0,0,0,20,0
VFG014176,0,0,0,0,3,0
VFG014189,0,0,0,0,8,0
VFG014228,0,0,0,0,3,0
VFG014254,0,0,0,0,19,0
VFG014266,0,0,0,0,10,0
VFG014267,0,0,0,0,4,0
VFG014279,0,0,0,0,10,0
VFG014280,0,0,0,0,4,0
VFG014292,0,0,0,0,10,0
VFG014293,0,0,0,0,1,0
VFG014304,0,0,0,0,1,0
VFG014305,0,0,0,0,10,0
VFG014306,0,0,0,0,9,0
VFG014318,0,0,0,0,10,0
VFG014319,0,0,0,0,1,0
VFG014330,0,0,0,0,10,0
VFG014331,0,0,0,0,10,0
VFG014343,0,0,0,0,10,0
VFG014344,0,0,0,0,10,0
VFG014369,0,0,0,0,7,0
VFG014371,0,0,0,0,13,0
VFG014397,0,0,0,0,13,0
VFG014436,0,0,0,0,3,0
VFG014473,0,0,0,0,10,0
VFG014475,0,0,0,0,3,0
VFG014486,0,0,0,0,20,0
VFG014566,0,0,0,0,18,0
VFG014605,0,0,0,0,13,0
VFG014629,0,0,0,0,19,0
VFG014642,0,0,0,0,14,0
VFG014644,0,0,0,0,6,0
VFG014655,0,0,0,0,18,0
VFG014657,0,0,0,0,2,0
VFG014668,0,0,0,0,4,0
VFG014670,0,0,0,0,16,0
VFG014681,0,0,0,0,20,0
VFG014694,0,0,0,0,12,0
VFG014696,0,0,0,0,8,0
VFG014707,0,0,0,0,18,0
VFG014720,0,0,0,0,20,0
VFG014733,0,0,0,0,18,0
VFG014735,0,0,0,0,2,0
VFG014760,0,0,0,0,1,0
VFG014784,0,0,0,0,8,0
VFG014797,0,0,0,0,1,0
VFG014809,0,0,0,0,3,0
VFG014821,0,0,0,0,19,0
VFG014845,0,0,0,0,1,0
VFG014870,0,0,0,0,1,0
VFG014893,0,0,0,0,16,0
VFG014895,0,0,0,0,3,0
VFG014934,0,0,0,0,1,0
VFG014947,0,0,0,0,1,0
VFG014950,0,0,0,0,16,0
VFG014952,0,0,0,0,1,0
VFG014984,0,0,0,0,18,0
VFG014986,0,0,0,0,2,0
VFG014997,0,0,0,0,20,0
VFG015000,0,0,0,0,18,0
VFG015002,0,0,0,0,1,0
VFG015041,0,0,0,0,19,0
VFG015045,0,0,0,0,8,0
VFG015046,0,0,0,0,1,0
VFG015052,0,0,0,0,4,0
VFG015067,0,0,0,0,20,0
VFG015080,0,0,0,0,20,0
VFG015094,0,0,0,0,7,0
VFG015096,0,0,0,0,7,0
VFG015102,0,0,0,0,7,0
VFG015106,0,0,0,0,2,0
VFG015108,0,0,0,0,4,0
VFG015114,0,0,0,0,14,0
VFG015116,0,0,0,0,1,0
VFG015120,0,0,0,0,4,0
VFG015124,0,0,0,0,1,0
VFG015126,0,0,0,0,8,0
VFG015128,0,0,0,0,19,0
VFG015130,0,0,0,0,7,0
VFG015132,0,0,0,0,6,0
VFG015134,0,0,0,0,3,0
VFG015136,0,0,0,0,4,0
VFG015138,0,0,0,0,4,0
VFG015142,0,0,0,0,15,0
VFG015144,0,0,0,0,6,0
VFG015146,0,0,0,0,1,0
VFG015148,0,0,0,0,4,0
VFG015150,0,0,0,0,18,0
VFG015154,0,0,0,0,1,0
VFG015158,0,0,0,0,19,0
VFG015162,0,0,0,0,18,0
VFG015164,0,0,0,0,7,0
VFG015165,0,0,0,0,5,0
VFG015168,0,0,0,0,1,0
VFG015170,0,0,0,0,3,0
VFG015366,0,0,0,0,6,0
VFG015373,0,0,0,0,1,0
VFG015380,0,0,0,0,5,0
VFG015387,0,0,0,0,7,0
VFG015394,0,0,0,0,14,0
VFG015399,0,0,0,0,8,0
VFG015404,0,0,0,0,7,0
VFG015438,0,0,0,0,4,0
VFG015467,0,0,0,0,7,0
VFG015474,0,0,0,0,19,0
VFG015492,0,0,0,0,6,0
VFG015501,0,0,0,0,17,0
VFG015503,0,0,0,0,18,0
VFG015505,0,0,0,0,1,0
VFG015506,0,0,0,0,4,0
VFG015508,0,0,0,0,16,0
VFG015509,0,0,0,0,18,0
VFG015511,0,0,0,0,5,0
VFG015512,0,0,0,0,20,0
VFG015515,0,0,0,0,19,0
VFG015517,0,0,0,0,1,0
VFG015518,0,0,0,0,20,0
VFG015521,0,0,0,0,12,0
VFG015524,0,0,0,0,18,0
VFG015526,0,0,0,0,2,0
VFG015527,0,0,0,0,20,0
VFG015532,0,0,0,0,1,0
VFG015535,0,0,0,0,1,0
VFG015538,0,0,0,0,1,0
VFG015542,0,0,0,0,12,0
VFG015544,0,0,0,0,2,0
VFG015550,0,0,0,0,10,0
VFG015551,0,0,0,0,2,0
VFG015552,0,0,0,0,11,0
VFG015555,0,0,0,0,6,0
VFG015558,0,0,0,0,6,0
VFG015561,0,0,0,0,5,0
VFG015599,0,0,0,0,20,0
VFG015846,0,0,0,0,1,0
VFG015848,0,0,0,0,9,0
VFG015851,0,0,0,0,3,0
VFG015852,0,0,0,0,18,0
VFG015854,0,0,0,0,2,0
VFG015856,0,0,0,0,13,0
VFG015858,0,0,0,0,7,0
VFG015859,0,0,0,0,9,0
VFG015860,0,0,0,0,1,0
VFG015862,0,0,0,0,1,0
VFG015914,0,0,0,0,14,0
VFG015916,0,0,0,0,6,0
VFG015920,0,0,0,0,1,0
VFG015922,0,0,0,0,19,0
VFG015926,0,0,0,0,11,0
VFG015928,0,0,0,0,9,0
VFG015950,0,0,0,0,3,0
VFG015952,0,0,0,0,17,0
VFG015962,0,0,0,0,10,0
VFG015973,0,0,0,0,6,0
VFG015974,0,0,0,0,10,0
VFG015983,0,0,0,0,6,0
VFG015984,0,0,0,0,9,0
VFG015994,0,0,0,0,5,0
VFG015996,0,0,0,0,11,0
VFG016005,0,0,0,0,1,0
VFG016007,0,0,0,0,4,0
VFG016016,0,0,0,0,5,0
VFG016017,0,0,0,0,11,0
VFG016021,0,0,0,0,11,0
VFG016032,0,0,0,0,1,0
VFG016038,0,0,0,0,3,0
VFG016039,0,0,0,0,11,0
VFG016040,0,0,0,0,1,0
VFG016041,0,0,0,0,1,0
VFG016042,0,0,0,0,10,0
VFG016043,0,0,0,0,4,0
VFG016046,0,0,0,0,20,0
VFG016058,0,0,0,0,10,0
VFG016060,0,0,0,0,9,0
VFG016069,0,0,0,0,1,0
VFG016071,0,0,0,0,1,0
VFG016087,0,0,0,0,5,0
VFG016088,0,0,0,0,11,0
VFG016089,0,0,0,0,1,0
VFG016094,0,0,0,0,11,0
VFG016095,0,0,0,0,4,0
VFG016107,0,0,0,0,7,0
VFG016111,0,0,0,0,2,0
VFG016115,0,0,0,0,8,0
VFG016118,0,0,0,0,5,0
VFG016122,0,0,0,0,6,0
VFG016130,0,0,0,0,6,0
VFG016135,0,0,0,0,1,0
VFG016139,0,0,0,0,1,0
VFG016146,0,0,0,0,4,0
VFG017103,0,0,0,0,0,3
VFG017110,0,0,0,0,0,1
VFG017111,0,0,0,0,0,2
VFG017112,0,0,0,0,0,1
VFG017113,0,0,0,0,0,1
VFG017118,0,0,0,0,0,1
VFG017120,0,0,0,0,0,2
VFG017224,0,0,0,0,0,8
VFG017229,0,0,0,0,0,20
VFG018103,0,0,0,0,0,2
VFG018110,0,0,0,0,0,12
VFG018113,0,0,0,0,0,5
VFG018116,0,0,0,0,0,1
VFG018122,0,0,0,0,0,13
VFG018143,0,0,0,0,0,5
VFG018148,0,0,0,0,0,13
VFG018154,0,0,0,0,0,2
VFG018156,0,0,0,0,0,5
VFG018161,0,0,0,0,0,13
VFG018167,0,0,0,0,0,2
VFG018169,0,0,0,0,0,5
VFG018179,0,0,0,0,0,2
VFG018218,0,0,0,2,0,0
VFG018221,0,0,0,18,0,0
VFG018397,0,1,0,0,0,0
VFG018402,0,1,0,0,0,0
VFG019077,0,0,20,0,0,0
VFG019118,0,0,1,0,0,0
VFG019726,0,0,0,0,3,0
VFG019728,0,0,0,0,10,0
VFG019729,0,0,0,0,10,0
VFG019731,0,0,0,0,7,0
VFG019743,0,0,0,0,11,0
VFG019753,0,0,0,0,17,0
VFG019754,0,0,0,0,2,0
VFG019756,0,0,0,0,13,0
VFG019759,0,0,0,0,2,0
VFG019771,0,0,0,0,11,0
VFG019773,0,0,0,0,12,0
VFG019776,0,0,0,0,12,0
VFG019780,0,0,0,0,2,0
VFG019781,0,0,0,0,3,0
VFG019782,0,0,0,0,2,0
VFG019783,0,0,0,0,2,0
VFG019784,0,0,0,0,2,0
VFG019785,0,0,0,0,2,0
VFG019786,0,0,0,0,2,0
VFG019787,0,0,0,0,3,0
VFG019788,0,0,0,0,3,0
VFG019789,0,0,0,0,2,0
VFG019790,0,0,0,0,3,0
VFG019841,0,0,0,0,7,0
VFG019861,0,0,0,0,6,0
VFG019877,0,0,0,0,2,0
VFG019891,0,0,0,0,5,0
VFG019897,0,0,0,0,1,0
VFG019899,0,0,0,0,18,0
VFG019907,0,0,0,0,1,0
VFG019913,0,0,0,0,5,0
VFG019916,0,0,0,0,3,0
VFG019933,0,0,0,0,11,0
VFG019935,0,0,0,0,15,0
VFG019946,0,0,0,0,8,0
VFG019949,0,0,0,0,7,0
VFG019950,0,0,0,0,10,0
VFG019951,0,0,0,0,9,0
VFG019956,0,0,0,0,6,0
VFG019961,0,0,0,0,11,0
VFG019968,0,0,0,0,13,0
VFG019969,0,0,0,0,14,0
VFG019973,0,0,0,0,4,0
VFG019975,0,0,0,0,5,0
VFG019979,0,0,0,0,2,0
VFG019987,0,0,0,0,1,0
VFG019993,0,0,0,0,13,0
VFG020001,0,0,0,0,15,0
VFG020003,0,0,0,0,13,0
VFG020007,0,0,0,0,15,0
VFG020018,0,0,0,0,13,0
VFG020026,0,0,0,0,3,0
VFG020027,0,0,0,0,1,0
VFG020038,0,0,0,0,7,0
VFG020039,0,0,0,0,13,0
VFG020041,0,0,0,0,5,0
VFG020043,0,0,0,0,10,0
VFG020044,0,0,0,0,1,0
VFG020053,0,0,0,0,3,0
VFG020055,0,0,0,0,4,0
VFG020057,0,0,0,0,4,0
VFG020059,0,0,0,0,4,0
VFG020061,0,0,0,0,15,0
VFG020063,0,0,0,0,4,0
VFG020065,0,0,0,0,4,0
VFG020069,0,0,0,0,4,0
VFG020070,0,0,0,0,4,0
VFG020076,0,0,0,0,18,0
VFG020080,0,0,0,0,3,0
VFG020082,0,0,0,0,4,0
VFG020086,0,0,0,0,6,0
VFG020087,0,0,0,0,17,0
VFG020089,0,0,0,0,1,0
VFG020092,0,0,0,0,13,0
VFG020096,0,0,0,0,8,0
VFG020176,0,1,0,0,0,0
VFG020317,0,0,0,0,4,0
VFG021077,0,17,0,20,0,0
VFG023624,0,3,0,0,0,0
VFG034033,0,0,0,13,0,0
VFG034050,0,0,0,13,0,0
VFG034084,0,0,0,17,0,0
VFG034101,0,0,0,11,0,0
VFG034118,0,0,0,12,0,0
VFG034135,0,0,0,13,0,0
VFG034147,0,0,0,4,0,0
VFG034152,0,0,0,13,0,0
VFG034194,0,2,0,0,0,0
VFG034214,0,7,0,0,0,0
VFG034227,0,6,0,0,0,0
VFG034382,0,0,0,20,0,0
VFG034435,0,0,0,20,0,0
VFG034475,0,0,0,20,0,0
VFG034513,0,0,0,20,0,0
VFG035201,0,1,0,0,0,0
VFG035228,0,0,0,16,0,0
VFG035563,0,2,0,0,0,0
VFG035601,0,2,0,0,0,0
VFG035762,0,2,0,0,0,0
VFG037041,14,0,0,0,0,0
VFG037172,3,0,0,0,0,0
VFG037173,2,0,0,0,0,0
VFG037176,1,0,0,0,0,0
VFG037177,15,0,0,0,0,0
VFG037182,1,0,0,0,0,0
VFG037184,3,0,0,0,0,0
VFG037185,3,0,0,0,0,0
VFG037188,5,0,0,0,0,0
VFG037198,3,0,0,0,0,0
VFG037201,2,0,0,0,0,0
VFG037203,11,0,0,0,0,0
VFG037209,7,0,0,0,0,0
VFG037216,3,0,0,0,0,0
VFG037218,13,0,0,0,0,0
VFG037222,4,0,0,0,0,0
VFG037230,2,0,0,0,0,0
VFG037232,9,0,0,0,0,0
VFG037236,9,0,0,0,0,0
VFG037244,2,0,0,0,0,0
VFG037246,8,0,0,0,0,0
VFG037250,3,0,0,0,0,0
VFG037252,7,0,0,0,0,0
VFG037258,2,0,0,0,0,0
VFG037260,9,0,0,0,0,0
VFG037264,7,0,0,0,0,0
VFG037266,2,0,0,0,0,0
VFG037272,1,0,0,0,0,0
VFG037273,7,0,0,0,0,0
VFG037274,4,0,0,0,0,0
VFG037278,3,0,0,0,0,0
VFG037280,5,0,0,0,0,0
VFG037286,2,0,0,0,0,0
VFG037288,14,0,0,0,0,0
VFG037292,4,0,0,0,0,0
VFG037300,2,0,0,0,0,0
VFG037302,14,0,0,0,0,0
VFG037306,3,0,0,0,0,0
VFG037308,1,0,0,0,0,0
VFG037313,1,0,0,0,0,0
VFG037314,2,0,0,0,0,0
VFG037316,4,0,0,0,0,0
VFG037320,9,0,0,0,0,0
VFG037322,4,0,0,0,0,0
VFG037329,8,0,0,0,0,0
VFG037330,10,0,0,0,0,0
VFG037336,2,0,0,0,0,0
VFG037342,3,0,0,0,0,0
VFG037344,4,0,0,0,0,0
VFG037348,11,0,0,0,0,0
VFG037350,2,0,0,0,0,0
VFG037355,3,0,0,0,0,0
VFG037357,2,0,0,0,0,0
VFG037358,7,0,0,0,0,0
VFG037362,5,0,0,0,0,0
VFG037364,3,0,0,0,0,0
VFG037370,13,0,0,0,0,0
VFG037372,4,0,0,0,0,0
VFG037376,3,0,0,0,0,0
VFG037384,12,0,0,0,0,0
VFG037386,5,0,0,0,0,0
VFG037390,3,0,0,0,0,0
VFG037398,4,0,0,0,0,0
VFG037400,12,0,0,0,0,0
VFG037404,4,0,0,0,0,0
VFG037411,4,0,0,0,0,0
VFG037412,12,0,0,0,0,0
VFG037418,4,0,0,0,0,0
VFG037426,2,0,0,0,0,0
VFG037428,5,0,0,0,0,0
VFG037429,6,0,0,0,0,0
VFG037432,3,0,0,0,0,0
VFG037434,4,0,0,0,0,0
VFG037440,2,0,0,0,0,0
VFG037442,4,0,0,0,0,0
VFG037446,5,0,0,0,0,0
VFG037448,9,0,0,0,0,0
VFG037454,10,0,0,0,0,0
VFG037456,5,0,0,0,0,0
VFG037460,5,0,0,0,0,0
VFG037468,6,0,0,0,0,0
VFG037470,9,0,0,0,0,0
VFG037474,3,0,0,0,0,0
VFG037476,2,0,0,0,0,0
VFG037481,6,0,0,0,0,0
VFG037482,8,0,0,0,0,0
VFG037483,3,0,0,0,0,0
VFG037489,6,0,0,0,0,0
VFG037490,3,0,0,0,0,0
VFG037491,8,0,0,0,0,0
VFG037496,2,0,0,0,0,0
VFG037497,8,0,0,0,0,0
VFG037498,3,0,0,0,0,0
VFG037503,4,0,0,0,0,0
VFG037504,6,0,0,0,0,0
VFG037505,2,0,0,0,0,0
VFG037506,9,0,0,0,0,0
VFG037512,12,0,0,0,0,0
VFG037513,2,0,0,0,0,0
VFG037514,3,0,0,0,0,0
VFG037520,6,0,0,0,0,0
VFG037521,2,0,0,0,0,0
VFG037522,9,0,0,0,0,0
VFG037528,12,0,0,0,0,0
VFG037529,2,0,0,0,0,0
VFG037530,3,0,0,0,0,0
VFG037537,14,0,0,0,0,0
VFG037538,3,0,0,0,0,0
VFG037547,14,0,0,0,0,0
VFG037550,3,0,0,0,0,0
VFG037552,3,0,0,0,0,0
VFG037560,19,0,0,0,0,0
VFG037570,4,0,0,0,0,0
VFG037571,12,0,0,0,0,0
VFG037577,3,0,0,0,0,0
VFG037584,2,0,0,0,0,0
VFG037586,7,0,0,0,0,0
VFG037590,3,0,0,0,0,0
VFG037592,8,0,0,0,0,0
VFG037597,1,0,0,0,0,0
VFG037598,2,0,0,0,0,0
VFG037599,5,0,0,0,0,0
VFG037603,3,0,0,0,0,0
VFG037605,8,0,0,0,0,0
VFG037610,2,0,0,0,0,0
VFG037612,10,0,0,0,0,0
VFG037616,7,0,0,0,0,0
VFG037618,1,0,0,0,0,0
VFG037623,6,0,0,0,0,0
VFG037628,10,0,0,0,0,0
VFG037629,3,0,0,0,0,0
VFG037630,1,0,0,0,0,0
VFG037636,3,0,0,0,0,0
VFG037644,1,0,0,0,0,0
VFG037647,4,0,0,0,0,0
VFG037648,3,0,0,0,0,0
VFG037654,3,0,0,0,0,0
VFG037656,10,0,0,0,0,0
VFG037662,2,0,0,0,0,0
VFG037664,14,0,0,0,0,0
VFG037668,3,0,0,0,0,0
VFG037670,1,0,0,0,0,0
VFG037676,2,0,0,0,0,0
VFG037678,9,0,0,0,0,0
VFG037682,9,0,0,0,0,0
VFG037690,2,0,0,0,0,0
VFG037692,18,0,0,0,0,0
VFG037705,12,0,0,0,0,0
VFG037709,5,0,0,0,0,0
VFG037714,3,0,0,0,0,0
VFG037718,2,0,0,0,0,0
VFG037720,14,0,0,0,0,0
VFG037724,3,0,0,0,0,0
VFG037726,1,0,0,0,0,0
VFG037733,12,0,0,0,0,0
VFG037735,5,0,0,0,0,0
VFG037739,3,0,0,0,0,0
VFG037746,2,0,0,0,0,0
VFG037747,16,0,0,0,0,0
VFG037757,2,0,0,0,0,0
VFG037760,9,0,0,0,0,0
VFG037762,8,0,0,0,0,0
VFG037766,3,0,0,0,0,0
VFG037775,3,0,0,0,0,0
VFG037777,7,0,0,0,0,0
VFG037781,3,0,0,0,0,0
VFG037783,7,0,0,0,0,0
VFG037792,19,0,0,0,0,0
VFG037805,2,0,0,0,0,0
VFG037807,14,0,0,0,0,0
VFG037811,4,0,0,0,0,0
VFG037822,20,0,0,0,0,0
VFG037837,17,0,0,0,0,0
VFG037841,3,0,0,0,0,0
VFG037849,2,0,0,0,0,0
VFG037851,2,0,0,0,0,0
VFG037852,1,0,0,0,0,0
VFG037855,2,0,0,0,0,0
VFG037856,3,0,0,0,0,0
VFG037857,4,0,0,0,0,0
VFG037858,5,0,0,0,0,0
VFG037859,1,0,0,0,0,0
VFG037860,3,0,0,0,0,0
VFG037863,1,0,0,0,0,0
VFG037864,2,0,0,0,0,0
VFG037866,2,0,0,0,0,0
VFG037867,1,0,0,0,0,0
VFG037872,3,0,0,0,0,0
VFG037873,8,0,0,0,0,0
VFG037874,1,0,0,0,0,0
VFG037875,3,0,0,0,0,0
VFG037878,1,0,0,0,0,0
VFG037879,6,0,0,0,0,0
VFG037881,6,0,0,0,0,0
VFG037882,1,0,0,0,0,0
VFG037883,1,0,0,0,0,0
VFG037885,2,0,0,0,0,0
VFG037888,1,0,0,0,0,0
VFG037889,3,0,0,0,0,0
VFG037890,3,0,0,0,0,0
VFG037892,3,0,0,0,0,0
VFG037893,1,0,0,0,0,0
VFG037894,3,0,0,0,0,0
VFG037895,1,0,0,0,0,0
VFG037896,2,0,0,0,0,0
VFG037897,3,0,0,0,0,0
VFG037898,3,0,0,0,0,0
VFG037903,2,0,0,0,0,0
VFG037904,3,0,0,0,0,0
VFG037905,6,0,0,0,0,0
VFG037906,3,0,0,0,0,0
VFG037908,1,0,0,0,0,0
VFG037909,0,5,0,0,1,0
VFG037910,1,0,0,0,0,0
VFG037911,2,0,0,0,0,0
VFG037912,3,0,0,0,0,0
VFG037913,3,0,0,0,0,0
VFG037915,1,0,0,0,0,0
VFG037918,2,0,0,0,0,0
VFG037919,4,0,0,0,0,0
VFG037920,3,0,0,0,0,0
VFG037924,2,0,0,0,0,0
VFG037926,2,0,0,0,0,0
VFG037927,1,0,0,0,0,0
VFG037928,3,0,0,0,0,0
VFG037930,1,0,0,0,0,0
VFG037933,2,0,0,0,0,0
VFG037934,8,0,0,0,0,0
VFG037935,3,0,0,0,0,0
VFG037937,3,0,0,0,0,0
VFG037939,2,0,0,0,0,0
VFG037941,1,0,0,0,0,0
VFG037942,1,0,0,0,0,0
VFG037943,3,0,0,0,0,0
VFG037949,2,0,0,0,0,0
VFG037950,3,0,0,0,0,0
VFG037952,3,0,0,0,0,0
VFG037954,2,0,0,0,0,0
VFG037956,1,0,0,0,0,0
VFG037957,1,0,0,0,0,0
VFG037958,3,0,0,0,0,0
VFG037963,2,0,0,0,0,0
VFG037964,1,0,0,0,0,0
VFG037965,3,0,0,0,0,0
VFG037967,3,0,0,0,0,0
VFG037969,2,0,0,0,0,0
VFG037971,1,0,0,0,0,0
VFG037972,1,0,0,0,0,0
VFG037973,3,0,0,0,0,0
VFG037974,2,0,0,0,0,0
VFG037976,3,0,0,0,0,0
VFG037978,2,0,0,0,0,0
VFG037979,5,0,0,0,0,0
VFG037980,3,0,0,0,0,0
VFG037982,3,0,0,0,0,0
VFG037984,2,0,0,0,0,0
VFG037986,1,0,0,0,0,0
VFG037987,1,0,0,0,0,0
VFG037988,3,0,0,0,0,0
VFG037993,2,0,0,0,0,0
VFG037994,5,0,0,0,0,0
VFG037995,3,0,0,0,0,0
VFG037999,2,0,0,0,0,0
VFG038001,1,0,0,0,0,0
VFG038002,1,0,0,0,0,0
VFG038003,4,0,0,0,0,0
VFG038007,3,0,0,0,0,0
VFG038008,2,0,0,0,0,0
VFG038012,3,0,0,0,0,0
VFG038016,1,0,0,0,0,0
VFG038018,5,0,0,0,0,0
VFG038027,3,0,0,0,0,0
VFG038031,1,0,0,0,0,0
VFG038034,1,0,0,0,0,0
VFG038036,3,0,0,0,0,0
VFG038040,3,0,0,0,0,0
VFG038046,2,0,0,0,0,0
VFG038051,3,0,0,0,0,0
VFG038052,3,0,0,0,0,0
VFG038055,3,0,0,0,0,0
VFG038057,3,0,0,0,0,0
VFG038061,2,0,0,0,0,0
VFG038072,3,0,0,0,0,0
VFG038073,1,0,0,0,0,0
VFG038076,2,0,0,0,0,0
VFG038084,2,0,0,0,0,0
VFG038087,3,0,0,0,0,0
VFG038088,2,0,0,0,0,0
VFG038091,4,0,0,0,0,0
VFG038099,4,0,0,0,0,0
VFG038101,1,0,0,0,0,0
VFG038102,1,0,0,0,0,0
VFG038103,1,0,0,0,0,0
VFG038105,3,0,0,0,0,0
VFG038110,3,0,0,0,0,0
VFG038115,1,0,0,0,0,0
VFG038116,3,0,0,0,0,0
VFG038117,4,0,0,0,0,0
VFG038119,2,0,0,0,0,0
VFG038121,2,0,0,0,0,0
VFG038126,3,0,0,0,0,0
VFG038128,8,0,0,0,0,0
VFG038129,1,0,0,0,0,0
VFG038132,2,0,0,0,0,0
VFG038133,7,0,0,0,0,0
VFG038134,2,0,0,0,0,0
VFG038139,3,0,0,0,0,0
VFG038140,2,0,0,0,0,0
VFG038141,2,0,0,0,0,0
VFG038142,5,0,0,0,0,0
VFG038144,1,0,0,0,0,0
VFG038149,4,0,0,0,0,0
VFG038151,7,0,0,0,0,0
VFG038152,1,0,0,0,0,0
VFG038155,1,0,0,0,0,0
VFG038161,1,0,0,0,0,0
VFG038162,4,0,0,0,0,0
VFG038167,1,0,0,0,0,0
VFG038170,1,0,0,0,0,0
VFG038171,3,0,0,0,0,0
VFG038172,3,0,0,0,0,0
VFG038174,5,0,0,0,0,0
VFG038176,4,0,0,0,0,0
VFG038180,11,0,0,0,0,0
VFG038190,2,0,0,0,0,0
VFG038191,3,0,0,0,0,0
VFG038194,3,0,0,0,0,0
VFG038195,11,0,0,0,0,0
VFG038203,16,0,0,0,0,0
VFG038209,3,0,0,0,0,0
VFG038219,20,0,0,0,0,0
VFG038232,6,0,0,0,0,0
VFG038234,14,0,0,0,0,0
VFG038247,3,0,0,0,0,0
VFG038248,6,0,0,0,0,0
VFG038259,11,0,0,0,0,0
VFG040869,0,0,0,0,20,0
VFG040870,0,0,0,0,20,0
VFG040871,0,0,0,0,20,0
VFG040872,0,0,0,0,20,0
VFG040873,0,0,0,0,20,0
VFG040874,0,0,0,0,20,0
VFG040875,0,0,0,0,20,0
VFG040876,0,0,0,0,20,0
VFG040877,0,0,0,0,20,0
VFG040878,0,0,0,0,20,0
VFG040879,0,0,0,0,19,0
VFG040958,0,0,0,20,0,0
VFG040959,0,0,0,20,0,0
VFG040960,0,0,0,19,0,0
VFG040961,0,0,0,20,0,0
VFG040962,0,0,0,20,0,0
VFG040963,0,0,0,20,0,0
VFG040964,0,0,0,20,0,0
VFG040965,0,0,0,20,0,0
VFG040966,0,0,0,20,0,0
VFG040967,0,0,0,20,0,0
VFG040968,0,0,0,20,0,0
VFG040969,0,0,0,20,0,0
VFG040970,0,0,0,20,0,0
VFG040971,0,0,0,20,0,0
VFG041010,0,0,0,0,20,0
VFG041011,0,0,0,0,20,0
VFG041012,0,0,0,0,3,0
VFG041013,0,0,0,0,20,0
VFG041014,0,0,0,0,18,0
VFG041015,0,0,0,0,13,0
VFG041016,0,0,0,0,20,0
VFG041017,0,0,0,0,11,0
VFG041019,0,0,0,0,1,0
VFG041020,0,0,0,0,1,0
VFG041021,0,0,0,0,20,0
VFG041022,0,0,0,0,20,0
VFG041023,0,0,0,0,20,0
VFG041024,0,0,0,0,13,0
VFG041025,0,0,0,0,1,0
VFG041026,0,0,0,0,18,0
VFG041027,0,0,0,0,3,0
VFG041028,0,0,0,0,20,0
VFG041029,0,0,0,0,20,0
VFG041030,0,0,0,0,20,0
VFG041031,0,0,0,0,20,0
VFG041032,0,0,0,0,1,0
VFG041033,0,0,0,0,9,0
VFG041034,0,0,0,0,11,0
VFG041035,0,0,0,0,11,0
VFG041036,0,0,0,0,20,0
VFG041037,0,0,0,0,19,0
VFG041038,0,0,0,0,19,0
VFG041039,0,0,0,0,20,0
VFG041040,0,0,0,0,1,0
VFG041041,0,0,0,0,12,0
VFG041042,0,0,0,0,15,0
VFG041043,0,0,0,0,12,0
VFG041045,0,0,0,0,10,0
VFG041046,0,0,0,0,2,0
VFG041047,0,0,0,0,19,0
VFG041172,0,2,0,0,0,0
VFG041216,0,1,0,0,0,0
VFG041217,0,1,0,0,0,0
VFG041218,0,1,0,0,0,0
VFG041222,0,1,0,0,0,0
VFG041223,0,1,0,0,0,0
VFG041224,0,1,0,0,0,0
VFG041464,0,1,0,0,0,0
VFG041469,0,1,0,0,0,0
VFG041471,0,1,0,0,0,0
VFG042140,0,0,0,0,20,0
VFG042297,0,0,0,0,20,0
VFG042334,0,0,0,2,0,0
VFG042693,0,0,0,0,20,0
VFG042694,0,0,0,0,19,0
VFG042695,0,0,0,0,20,0
VFG042696,0,0,0,0,20,0
VFG042697,0,0,0,0,20,0
VFG042698,0,0,0,0,20,0
VFG042699,0,0,0,0,20,0
VFG042700,0,0,0,0,20,0
VFG042701,0,0,0,0,20,0
VFG042702,0,0,0,0,19,0
VFG042703,0,0,0,0,19,0
VFG042704,0,0,0,0,18,0
VFG042705,0,0,0,0,18,0
VFG042706,0,0,0,0,17,0
VFG042707,0,0,0,0,1,0
VFG042708,0,0,0,0,1,0
VFG042709,0,0,0,0,1,0
VFG042710,0,0,0,0,1,0
VFG042734,0,0,0,0,20,0
VFG042735,0,0,0,0,20,0
VFG042736,0,0,0,0,20,0
VFG042738,0,0,0,0,20,0
VFG042739,0,0,0,0,20,0
VFG042740,0,0,0,0,20,0
VFG042741,0,0,0,0,19,0
VFG042742,0,0,0,0,20,0
VFG042743,0,0,0,0,20,0
VFG042744,0,0,0,0,20,0
VFG042745,0,0,0,0,20,0
VFG042746,0,0,0,0,20,0
VFG042747,0,0,0,0,20,0
VFG042748,0,0,0,0,20,0
VFG042749,0,0,0,0,20,0
VFG042750,0,0,0,0,20,0
VFG042751,0,0,0,0,20,0
VFG042752,0,0,0,0,20,0
VFG042753,0,0,0,0,20,0
VFG042984,0,0,13,0,0,0
VFG042985,0,0,13,0,0,0
VFG042986,0,0,13,0,0,0
VFG042987,0,0,13,0,0,0
VFG042988,0,0,14,0,0,0
VFG042989,0,0,15,0,0,0
VFG042990,0,0,20,0,0,0
VFG042991,0,0,20,0,0,0
VFG042992,0,0,19,0,0,0
VFG042993,0,0,19,0,0,0
VFG043012,0,0,0,0,20,0
VFG043013,0,0,0,0,20,0
VFG043014,0,0,0,0,19,0
VFG043015,0,0,0,0,20,0
VFG043016,0,0,0,0,20,0
VFG043017,0,0,0,0,20,0
VFG043018,0,0,0,0,20,0
VFG043040,0,1,0,0,0,0
VFG043048,0,1,0,0,0,0
VFG043049,0,20,0,0,0,0
VFG043068,0,20,0,0,0,0
VFG043099,0,20,0,20,0,0
VFG043206,0,3,0,0,0,0
VFG043217,0,1,0,0,0,0
VFG043231,0,1,0,0,0,0
VFG043233,0,1,0,0,0,0
VFG043441,0,0,20,0,0,0
VFG043451,0,0,0,0,0,20
VFG043452,0,0,0,0,0,20
VFG043480,0,0,0,0,19,0
VFG043510,0,0,14,0,0,0
VFG043518,0,0,19,0,0,0
VFG043530,0,0,17,0,0,0
VFG043544,0,20,0,20,0,0
VFG043568,0,19,0,0,0,0
VFG043587,0,0,0,0,0,20
VFG043588,0,0,0,0,0,11
VFG043623,0,1,0,20,0,0
VFG043624,0,1,0,4,0,0
VFG043625,0,1,0,20,0,0
VFG043626,0,1,0,20,0,0
VFG043627,0,1,0,5,0,0
VFG043648,0,0,0,0,20,0
VFG043678,0,0,0,1,0,0
VFG043679,0,0,0,1,0,0
VFG043680,0,0,0,1,0,0
VFG043681,0,0,0,1,0,0
VFG043682,0,0,0,1,0,0
VFG043683,0,0,0,1,0,0
VFG043685,0,0,0,1,0,0
VFG043686,0,0,0,1,0,0
VFG043688,0,0,0,1,0,0
VFG043689,0,0,0,1,0,0
VFG043690,0,0,0,1,0,0
VFG043691,0,0,0,1,0,0
VFG043692,0,0,0,1,0,0
VFG043695,0,0,0,1,0,0
VFG043810,0,0,0,0,19,0
VFG044013,0,0,0,0,0,20
VFG044014,0,0,0,0,0,20
VFG044030,0,0,0,0,20,0
VFG044079,0,0,0,0,20,0
VFG044080,0,0,0,0,20,0
VFG044081,0,0,0,0,20,0
VFG044082,0,0,0,0,20,0
VFG044083,0,0,0,0,20,0
VFG044084,0,0,0,0,20,0
VFG044085,0,0,0,0,20,0
VFG044086,0,0,0,0,20,0
VFG044087,0,0,0,0,20,0
VFG044088,0,0,0,0,20,0
VFG044089,0,0,0,0,19,0
VFG044090,0,0,0,0,19,0
VFG044091,0,0,0,0,19,0
VFG044092,0,0,0,0,19,0
VFG044093,0,0,0,0,19,0
VFG044094,0,0,0,0,19,0
VFG044095,0,0,0,0,18,0
VFG044096,0,0,0,0,20,0
VFG044097,0,0,0,0,20,0
VFG044098,0,0,0,0,20,0
VFG044099,0,0,0,0,20,0
VFG044100,0,0,0,0,20,0
VFG044101,0,0,0,0,20,0
VFG044102,0,0,0,0,20,0
VFG044103,0,0,0,0,18,0
VFG044104,0,0,0,0,20,0
VFG044165,0,6,0,0,0,0
VFG044251,0,0,0,0,0,20
VFG044252,0,0,0,0,0,20
VFG044253,0,0,0,0,0,20
VFG044254,0,0,0,0,0,20
VFG044255,0,0,0,0,0,20
VFG044256,0,0,0,0,0,20
VFG044257,0,0,0,0,0,20
VFG044258,0,0,0,0,0,20
VFG044259,0,0,0,0,0,20
VFG044260,0,0,0,0,0,20
VFG044261,0,0,0,0,0,20
VFG044262,0,0,0,0,0,20
VFG044266,0,0,0,0,0,20
VFG044268,0,0,0,0,0,20
VFG044269,0,0,0,0,0,20
VFG044271,0,0,0,0,0,20
VFG044272,0,0,0,0,0,20
VFG044273,0,0,0,0,0,20
VFG044274,0,0,0,0,0,20
VFG044275,0,0,0,0,0,20
VFG044276,0,0,0,0,0,20
VFG044277,0,0,0,0,0,20
VFG044280,0,0,0,13,0,0
VFG044296,0,0,0,2,0,0
VFG044297,0,0,0,2,0,0
VFG044298,0,0,0,2,0,0
VFG044299,0,0,0,2,0,0
VFG044300,0,0,0,2,0,0
VFG044301,0,0,0,2,0,0
VFG044302,0,0,0,2,0,0
VFG044303,0,0,0,2,0,0
VFG044304,0,0,0,2,0,0
VFG044305,0,0,0,2,0,0
VFG044322,0,0,0,1,0,0
VFG044325,0,0,0,4,0,0
VFG044442,0,0,0,0,0,20
VFG044443,0,0,0,0,0,20
VFG044445,0,0,0,0,20,0
VFG044446,0,0,0,0,20,0
VFG044447,0,0,0,0,20,0
VFG044448,0,0,0,0,20,0
VFG044449,0,0,0,0,20,0
VFG045614,0,0,20,0,0,0
VFG045623,0,0,1,0,0,0
VFG045624,0,0,8,0,0,0
VFG045626,0,0,9,0,0,0
VFG045631,0,0,1,0,0,0
VFG045632,0,0,10,0,0,0
VFG045635,0,0,18,0,0,0
VFG045670,0,0,14,0,0,0
VFG045671,0,0,6,0,0,0
VFG045682,0,0,7,0,0,0
VFG045683,0,0,13,0,0,0
VFG045688,0,0,20,0,0,0
VFG045936,0,1,0,0,0,0
VFG045937,0,18,0,0,0,0
VFG045955,0,0,0,20,0,0
VFG045972,0,1,0,0,0,0
VFG046459,0,19,0,17,20,0
VFG048226,0,0,0,19,0,0
VFG048229,0,0,0,1,0,0
VFG048237,0,0,0,20,0,0
VFG048247,0,0,0,20,0,0
VFG048253,0,0,0,14,0,0
VFG048257,0,0,0,6,0,0
VFG048263,0,0,0,19,0,0
VFG048267,0,0,0,1,0,0
VFG048273,0,0,0,14,0,0
VFG048275,0,0,0,3,0,0
VFG048277,0,0,0,3,0,0
VFG048283,0,0,0,15,0,0
VFG048285,0,0,0,4,0,0
VFG048287,0,0,0,1,0,0
VFG048293,0,0,0,18,0,0
VFG048297,0,0,0,2,0,0
VFG048303,0,0,0,19,0,0
VFG048307,0,0,0,1,0,0
VFG048313,0,0,0,14,0,0
VFG048316,0,0,0,5,0,0
VFG048317,0,0,0,1,0,0
VFG048327,0,0,0,20,0,0
VFG048338,0,0,0,20,0,0
VFG048344,0,0,0,16,0,0
VFG048348,0,0,0,4,0,0
VFG048365,0,0,0,16,0,0
VFG048395,0,0,0,14,0,0
VFG048402,0,18,0,0,0,0
VFG048404,0,1,0,0,0,0
VFG048405,0,0,0,19,0,0
VFG048408,0,1,0,0,0,0
VFG048409,0,0,0,1,0,0
VFG048415,0,0,0,13,0,0
VFG048418,0,4,0,3,0,0
VFG048419,0,16,0,4,0,0
VFG048422,0,8,0,0,0,0
VFG048425,0,1,0,16,0,0
VFG048427,0,0,0,3,0,0
VFG048429,0,0,0,1,0,0
VFG048430,0,11,0,0,0,0
VFG048435,0,0,0,13,0,0
VFG048438,0,0,0,6,0,0
VFG048439,0,0,0,1,0,0
VFG048445,0,0,0,13,0,0
VFG048447,0,0,0,6,0,0
VFG048449,0,0,0,1,0,0
VFG048451,0,13,0,0,0,0
VFG048455,0,0,0,1,0,0
VFG048459,0,0,0,19,0,0
VFG048461,0,19,0,0,0,0
VFG048465,0,0,0,13,0,0
VFG048468,0,0,0,7,0,0
VFG048478,0,0,0,20,0,0
VFG048488,0,0,0,20,0,0
VFG048494,0,0,0,16,0,0
VFG048497,0,0,0,1,0,0
VFG048498,0,0,0,3,0,0
VFG048504,0,0,0,13,0,0
VFG048506,0,0,0,2,0,0
VFG048508,0,0,0,5,0,0
VFG048510,0,1,0,0,0,0
VFG048511,0,19,0,0,0,0
VFG048514,0,0,0,14,0,0
VFG048517,0,0,0,2,0,0
VFG048518,0,0,0,1,0,0
VFG048519,0,0,0,3,0,0
VFG048524,0,0,0,14,0,0
VFG048526,0,0,0,1,0,0
VFG048527,0,0,0,3,0,0
VFG048528,0,0,0,2,0,0
VFG048534,0,0,0,1,0,0
VFG048535,0,0,0,17,0,0
VFG048537,0,0,0,1,0,0
VFG048541,0,0,0,5,0,0
VFG048543,0,0,0,14,0,0
VFG048547,0,0,0,1,0,0
VFG048549,0,0,0,1,0,0
VFG048550,0,0,0,2,0,0
VFG048551,0,0,0,2,0,0
VFG048553,0,0,0,1,0,0
VFG048554,0,0,0,2,0,0
VFG048558,0,0,0,1,0,0
VFG048559,0,0,0,1,0,0
VFG048562,0,0,0,5,0,0
VFG048566,0,0,0,1,0,0
VFG048570,0,0,0,1,0,0
VFG048575,0,0,0,1,0,0
VFG048578,0,0,0,1,0,0
VFG048579,0,0,0,1,0,0
VFG048581,0,0,0,1,0,0
VFG048582,0,0,0,1,0,0
VFG048585,0,0,0,5,0,0
VFG048589,0,0,0,1,0,0
VFG048593,0,0,0,1,0,0
VFG048600,0,1,0,15,0,0
VFG048603,0,1,0,15,0,0
VFG048606,0,1,0,15,0,0
VFG048609,0,0,0,15,0,0
VFG048610,0,1,0,0,0,0
VFG048615,0,0,0,17,0,0
VFG048620,0,0,0,3,0,0
VFG048621,0,0,0,15,0,0
VFG048622,0,1,0,0,0,0
VFG048628,0,0,0,10,0,0
VFG048632,0,0,0,6,0,0
VFG048638,0,0,0,1,0,0
VFG048639,0,0,0,18,0,0
VFG048643,0,0,0,1,0,0
VFG048646,0,1,0,0,0,0
VFG048650,0,0,0,14,0,0
VFG048654,0,0,0,5,0,0
VFG048655,0,0,0,1,0,0
VFG048657,0,8,0,0,0,0
VFG048661,0,0,0,14,0,0
VFG048665,0,0,0,6,0,0
VFG048669,0,4,0,0,0,0
VFG048672,0,0,0,14,0,0
VFG048674,0,0,0,3,0,0
VFG048675,0,0,0,1,0,0
VFG048676,0,0,0,1,0,0
VFG048678,0,0,0,1,0,0
VFG048687,0,0,0,20,0,0
VFG048693,0,0,0,14,0,0
VFG048696,0,0,0,2,0,0
VFG048697,0,0,0,1,0,0
VFG048698,0,0,0,3,0,0
VFG048704,0,0,0,14,0,0
VFG048707,0,0,0,4,0,0
VFG048708,0,0,0,1,0,0
VFG048709,0,0,0,1,0,0
VFG048712,0,0,0,14,0,0
VFG048715,0,0,0,1,0,0
VFG048717,0,0,0,14,0,0
VFG048723,0,0,0,13,0,0
VFG048728,0,0,0,12,0,0
VFG048732,0,0,0,12,0,0
VFG048734,0,0,0,12,0,0
VFG048736,0,0,0,1,0,0
VFG048738,0,0,0,13,0,0
VFG048740,0,0,0,14,0,0
VFG048744,0,0,0,14,0,0
VFG048751,0,0,0,15,0,0
VFG048754,0,0,0,4,0,0
VFG048755,0,0,0,1,0,0
VFG048758,0,0,0,14,0,0
VFG048760,0,0,0,15,0,0
VFG048761,0,0,0,1,0,0
VFG048762,0,0,0,4,0,0
VFG048767,0,0,0,18,0,0
VFG048771,0,0,0,2,0,0
VFG048776,0,0,0,14,0,0
VFG048779,0,0,0,5,0,0
VFG048787,0,0,0,20,0,0
VFG048789,0,10,0,0,0,0
VFG048797,0,1,0,4,0,0
VFG048804,0,0,0,5,0,0
VFG048805,0,0,0,11,0,0
VFG048808,0,0,0,3,0,0
VFG048809,0,1,0,0,0,0
VFG048815,0,0,0,17,0,0
VFG048816,0,0,0,1,0,0
VFG048819,0,0,0,2,0,0
VFG048821,0,0,0,1,0,0
VFG048826,0,0,0,17,0,0
VFG048830,0,4,0,17,0,0
VFG048832,0,0,0,2,0,0
VFG048837,0,0,0,16,0,0
VFG048840,0,0,0,1,0,0
VFG048841,0,0,0,1,0,0
VFG048848,0,15,0,2,0,0
VFG048851,0,0,0,1,0,0
VFG048852,0,0,0,1,0,0
VFG048859,0,0,0,1,0,0
VFG048863,0,0,0,1,0,0
VFG048868,0,0,0,1,0,0
VFG048870,0,0,0,1,0,0
VFG048881,0,0,0,1,0,0
VFG048885,0,20,0,2,0,0
VFG048903,0,0,0,1,0,0
VFG048907,0,0,0,1,0,0
VFG048914,0,0,0,1,0,0
VFG048918,0,0,0,1,0,0
VFG048921,0,0,0,1,0,0
VFG048927,0,0,0,15,0,0
VFG048929,0,0,0,1,0,0
VFG048936,0,0,0,1,0,0
VFG048940,0,0,0,1,0,0
VFG048947,0,0,0,1,0,0
VFG048949,0,0,0,6,0,0
VFG048951,0,0,0,1,0,0
VFG048958,0,0,0,2,0,0
VFG048960,0,0,0,1,0,0
VFG048969,0,0,0,16,0,0
VFG048972,0,0,0,1,0,0
VFG048973,0,8,0,16,0,0
VFG048980,0,0,0,1,0,0
VFG048985,0,0,0,1,0,0
VFG048986,0,1,0,20,0,0
VFG048988,0,0,0,2,0,0
VFG048990,0,20,0,18,0,0
VFG048991,0,0,0,1,0,0
VFG048996,0,0,0,1,0,0
VFG048998,0,0,0,2,0,0
VFG049005,0,0,0,14,0,0
VFG049007,0,0,0,5,0,0
VFG049010,0,20,0,0,0,0
VFG049018,0,0,0,20,0,0
VFG049024,0,0,0,12,0,0
VFG049025,0,0,0,12,0,0
VFG049027,0,0,0,3,0,0
VFG049029,0,0,0,3,0,0
VFG049036,0,0,0,12,0,0
VFG049038,0,0,0,3,0,0
VFG049039,0,0,0,4,0,0
VFG049040,0,0,0,3,0,0
VFG049041,0,0,0,11,0,0
VFG049042,0,0,0,12,0,0
VFG049047,0,0,0,12,0,0
VFG049048,0,0,0,1,0,0
VFG049050,0,0,0,4,0,0
VFG049051,0,0,0,2,0,0
VFG049057,0,0,0,1,0,0
VFG049061,0,0,0,4,0,0
VFG049062,0,0,0,1,0,0
VFG049063,0,0,0,1,0,0
VFG049069,0,0,0,1,0,0
VFG049072,0,0,0,3,0,0
VFG049073,0,0,0,1,0,0
VFG049075,0,0,0,1,0,0
VFG049080,0,0,0,1,0,0
VFG049082,0,0,0,1,0,0
VFG049083,0,0,0,16,0,0
VFG049084,0,0,0,3,0,0
VFG049086,0,0,0,1,0,0
VFG049093,0,0,0,13,0,0
VFG049095,0,0,0,15,0,0
VFG049097,0,0,0,1,0,0
VFG049098,0,18,0,0,0,0
VFG049100,0,0,0,1,0,0
VFG049102,0,0,0,13,0,0
VFG049114,0,0,0,1,0,0
VFG049116,0,0,0,1,0,0
VFG049118,0,0,0,1,0,0
VFG049120,0,0,0,1,0,0
VFG049122,0,0,0,1,0,0
VFG049124,0,0,0,1,0,0
VFG049125,0,20,0,0,0,0
VFG049129,0,0,0,14,0,0
VFG049133,0,0,0,6,0,0
VFG049136,0,19,0,0,0,0
VFG049144,0,0,0,20,0,0
VFG049146,0,16,0,0,0,0
VFG049148,0,0,0,1,0,0
VFG049154,0,0,0,1,0,0
VFG049157,0,0,0,1,0,0
VFG049164,0,0,0,1,0,0
VFG049166,0,0,0,3,0,0
VFG049167,0,0,0,3,0,0
VFG049169,0,0,0,3,0,0
VFG049172,0,0,0,3,0,0
VFG049174,0,0,0,3,0,0
VFG049177,0,0,0,3,0,0
VFG049182,0,0,0,3,0,0
VFG049184,0,0,0,3,0,0
VFG049187,0,0,0,3,0,0
VFG049189,0,2,0,0,0,0
VFG049194,0,18,0,19,0,0
VFG049196,0,0,0,1,0,0
VFG049208,0,1,0,0,0,0
VFG049209,0,0,0,1,0,0
VFG049210,0,0,0,11,0,0
VFG049211,0,0,0,1,0,0
VFG049212,0,0,0,1,0,0
VFG049213,0,0,0,1,0,0
VFG049217,0,0,0,1,0,0
VFG049219,0,0,0,12,0,0
VFG049220,0,0,0,5,0,0
VFG049226,0,0,0,5,0,0
VFG049228,0,0,0,1,0,0
VFG049230,0,0,0,2,0,0
VFG049231,0,0,0,10,0,0
VFG049240,0,0,0,5,0,0
VFG049242,0,0,0,1,0,0
VFG049245,0,0,0,11,0,0
VFG049249,0,0,0,1,0,0
VFG049250,0,0,0,1,0,0
VFG049252,0,0,0,1,0,0
VFG049255,0,0,0,5,0,0
VFG049257,0,0,0,13,0,0
VFG049258,0,0,0,1,0,0
VFG049259,0,0,0,1,0,0
VFG049264,0,0,0,1,0,0
VFG049266,0,0,0,2,0,0
VFG049267,0,0,0,12,0,0
VFG049268,0,0,0,3,0,0
VFG049269,0,1,0,2,0,0
VFG049274,0,0,0,2,0,0
VFG049276,0,0,0,1,0,0
VFG049277,0,0,0,12,0,0
VFG049281,0,0,0,5,0,0
VFG049284,0,0,0,20,0,0
VFG049292,0,3,0,0,0,0
VFG049294,0,0,0,17,0,0
VFG049295,0,0,0,3,0,0
VFG049304,0,0,0,20,0,0
VFG049313,0,0,0,20,0,0
VFG049322,0,0,0,8,0,0
VFG049325,0,0,0,12,0,0
VFG049700,0,0,0,0,0,2
VFG049705,0,0,0,0,0,5
VFG049720,0,0,0,0,0,7
VFG049730,0,0,0,0,0,2
VFG049732,0,0,0,0,0,5
VFG049740,0,0,0,0,0,2
VFG049741,0,0,0,0,0,13
VFG049746,0,0,0,0,0,15
VFG049757,0,0,0,0,0,2
VFG049758,0,0,0,0,0,1
VFG049760,0,0,0,0,0,4
VFG049768,0,0,0,0,0,2
VFG049773,0,0,0,0,0,4
VFG049781,0,0,0,0,0,2
VFG049785,0,0,0,0,0,10
VFG049796,0,0,0,0,0,2
VFG049798,0,0,0,0,0,4
VFG049808,0,0,0,0,0,2
VFG049810,0,0,0,0,0,4
VFG049816,0,0,0,0,0,4
VFG049820,0,0,0,0,0,13
VFG049822,0,0,0,0,0,4
VFG049828,0,0,0,0,0,5
VFG049829,0,0,0,0,0,4
VFG049832,0,0,0,0,0,4
VFG049833,0,0,0,0,0,5
VFG049851,0,0,0,0,0,5
VFG049852,0,0,0,0,0,2
VFG049854,0,0,0,0,0,13
VFG049867,0,0,0,0,0,1
VFG049868,0,0,0,0,0,1
VFG049876,0,0,0,0,0,2
VFG049879,0,0,0,0,0,15
VFG049885,0,0,0,0,0,20
VFG050294,0,0,0,0,11,0
VFG050295,0,0,0,0,19,0
VFG050296,0,0,0,0,20,0
VFG050297,0,0,0,0,20,0
VFG050298,0,0,0,0,19,0
VFG050299,0,0,0,0,20,0
VFG050300,0,0,0,0,20,0
VFG050302,11,0,0,0,0,0
VFG050317,3,0,0,0,0,0
VFG050321,17,0,0,0,0,0
VFG050326,2,0,0,0,0,0
VFG050328,14,0,0,0,0,0
VFG050329,1,0,0,0,0,0
VFG050332,3,0,0,0,0,0
VFG050339,3,0,0,0,0,0
VFG050353,17,0,0,0,0,0
VFG050355,8,0,0,0,0,0
VFG050357,12,0,0,0,0,0
VFG050370,2,0,0,0,0,0
VFG050372,18,0,0,0,0,0
VFG050395,20,0,0,0,0,0
VFG050398,8,0,0,0,0,0
VFG050400,9,0,0,0,0,0
VFG050404,3,0,0,0,0,0
VFG050414,10,0,0,0,0,0
VFG050416,7,0,0,0,0,0
VFG050418,3,0,0,0,0,0
VFG050426,2,0,0,0,0,0
VFG050428,14,0,0,0,0,0
VFG050432,3,0,0,0,0,0
VFG050434,1,0,0,0,0,0
VFG050440,5,0,0,0,0,0
VFG050441,2,0,0,0,0,0
VFG050447,3,0,0,0,0,0
VFG050455,6,0,0,0,0,0
VFG050457,3,0,0,0,0,0
VFG050461,10,0,0,0,0,0
VFG050470,15,0,0,0,0,0
VFG050474,3,0,0,0,0,0
VFG050484,4,0,0,0,0,0
VFG050486,12,0,0,0,0,0
VFG050488,3,0,0,0,0,0
VFG050493,1,0,0,0,0,0
VFG050497,2,0,0,0,0,0
VFG050502,15,0,0,0,0,0
VFG050503,3,0,0,0,0,0
VFG050511,4,0,0,0,0,0
VFG050512,2,0,0,0,0,0
VFG050517,3,0,0,0,0,0
VFG050519,11,0,0,0,0,0
VFG050526,16,0,0,0,0,0
VFG050535,4,0,0,0,0,0
VFG050537,8,0,0,0,0,0
VFG050538,8,0,0,0,0,0
VFG050544,3,0,0,0,0,0
VFG050551,17,0,0,0,0,0
VFG050554,3,0,0,0,0,0
VFG050565,2,0,0,0,0,0
VFG050567,3,0,0,0,0,0
VFG050570,4,0,0,0,0,0
VFG050571,7,0,0,0,0,0
VFG050581,9,0,0,0,0,0
VFG050583,2,0,0,0,0,0
VFG050585,6,0,0,0,0,0
VFG050587,2,0,0,0,0,0
VFG050593,2,0,0,0,0,0
VFG050595,8,0,0,0,0,0
VFG050599,7,0,0,0,0,0
VFG050601,3,0,0,0,0,0
VFG050608,12,0,0,0,0,0
VFG050610,4,0,0,0,0,0
VFG050614,4,0,0,0,0,0
VFG050625,20,0,0,0,0,0
VFG050640,20,0,0,0,0,0
VFG050653,15,0,0,0,0,0
VFG050655,5,0,0,0,0,0
VFG050670,16,0,0,0,0,0
VFG050674,4,0,0,0,0,0
VFG050682,15,0,0,0,0,0
VFG050685,2,0,0,0,0,0
VFG050691,3,0,0,0,0,0
VFG050696,5,0,0,0,0,0
VFG050699,6,0,0,0,0,0
VFG050700,1,0,0,0,0,0
VFG050703,7,0,0,0,0,0
VFG050705,1,0,0,0,0,0
VFG050712,15,0,0,0,0,0
VFG050714,2,0,0,0,0,0
VFG050716,3,0,0,0,0,0
VFG050725,13,0,0,0,0,0
VFG050727,4,0,0,0,0,0
VFG050731,3,0,0,0,0,0
VFG050742,13,0,0,0,0,0
VFG050751,7,0,0,0,0,0
VFG050755,16,0,0,0,0,0
VFG050757,4,0,0,0,0,0
VFG050770,2,0,0,0,0,0
VFG050772,10,0,0,0,0,0
VFG050776,3,0,0,0,0,0
VFG050781,5,0,0,0,0,0
VFG050785,2,0,0,0,0,0
VFG050787,18,0,0,0,0,0
VFG050800,2,0,0,0,0,0
VFG050802,15,0,0,0,0,0
VFG050806,3,0,0,0,0,0
VFG050817,20,0,0,0,0,0
VFG050832,18,0,0,0,0,0
VFG050834,2,0,0,0,0,0
VFG050844,10,0,0,0,0,0
VFG050845,2,0,0,0,0,0
VFG050850,8,0,0,0,0,0
VFG050857,10,0,0,0,0,0
VFG050858,2,0,0,0,0,0
VFG050863,3,0,0,0,0,0
VFG050865,4,0,0,0,0,0
VFG050872,13,0,0,0,0,0
VFG050874,1,0,0,0,0,0
VFG050878,3,0,0,0,0,0
VFG050884,3,0,0,0,0,0
VFG050889,17,0,0,0,0,0
VFG050893,3,0,0,0,0,0
VFG050901,7,0,0,0,0,0
VFG050905,2,0,0,0,0,0
VFG050906,6,0,0,0,0,0
VFG050910,5,0,0,0,0,0
VFG050911,9,0,0,0,0,0
VFG050913,3,0,0,0,0,0
VFG050921,3,0,0,0,0,0
VFG050922,9,0,0,0,0,0
VFG050927,4,0,0,0,0,0
VFG050929,4,0,0,0,0,0
VFG050931,3,0,0,0,0,0
VFG050932,3,0,0,0,0,0
VFG050938,5,0,0,0,0,0
VFG050944,14,0,0,0,0,0
VFG050946,3,0,0,0,0,0
VFG050947,2,0,0,0,0,0
VFG050957,2,0,0,0,0,0
VFG050962,7,0,0,0,0,0
VFG050963,10,0,0,0,0,0
VFG050972,19,0,0,0,0,0
VFG050986,19,0,0,0,0,0
VFG050998,7,0,0,0,0,0
VFG051000,9,0,0,0,0,0
VFG051004,3,0,0,0,0,0
VFG051012,2,0,0,0,0,0
VFG051014,14,0,0,0,0,0
VFG051018,3,0,0,0,0,0
VFG051026,13,0,0,0,0,0
VFG051028,3,0,0,0,0,0
VFG051032,3,0,0,0,0,0
VFG051042,19,0,0,0,0,0
VFG051056,19,0,0,0,0,0
VFG051070,17,0,0,0,0,0
VFG051071,2,0,0,0,0,0
VFG051084,16,0,0,0,0,0
VFG051088,3,0,0,0,0,0
VFG051097,9,0,0,0,0,0
VFG051098,3,0,0,0,0,0
VFG051102,7,0,0,0,0,0
VFG051109,3,0,0,0,0,0
VFG051110,1,0,0,0,0,0
VFG051483,0,0,0,0,16,0
VFG051484,0,0,0,0,5,0
VFG051485,0,0,0,0,1,0
VFG051486,0,0,0,0,5,0
VFG051487,0,0,0,0,7,0
VFG051488,0,0,0,0,4,0
VFG051489,0,0,0,0,15,0
VFG051491,0,0,0,0,1,0
VFG051507,0,0,0,0,2,0
VFG051511,0,0,0,0,3,0
VFG051514,0,0,0,0,4,0
VFG051527,0,0,0,0,2,0
VFG051530,0,0,0,0,7,0
VFG051535,0,0,0,0,2,0
VFG051538,0,0,0,0,18,0
VFG051543,0,0,0,0,17,0
VFG051546,0,0,0,0,2,0
VFG051551,0,0,0,0,13,0
VFG051554,0,0,0,0,6,0
VFG051562,0,0,0,0,7,0
VFG051567,0,0,0,0,13,0
VFG051570,0,0,0,0,6,0
VFG051578,0,0,0,0,2,0
VFG051583,0,0,0,0,4,0
VFG051586,0,0,0,0,13,0
VFG051593,0,0,0,0,2,0
VFG051596,0,0,0,0,3,0
VFG051601,0,0,0,0,12,0
VFG051602,0,0,0,0,5,0
VFG051604,0,0,0,0,2,0
VFG051606,0,0,0,0,5,0
VFG051609,0,0,0,0,6,0
VFG051612,0,0,0,0,3,0
VFG051614,0,0,0,0,6,0
VFG051617,0,0,0,0,3,0
VFG051619,0,0,0,0,6,0
VFG051629,0,0,0,0,1,0
VFG051636,0,0,0,0,10,0
VFG051637,0,0,0,0,2,0
VFG051639,0,0,0,0,7,0
VFG051644,0,0,0,0,8,0
VFG051647,0,0,0,0,4,0
VFG051649,0,0,0,0,1,0
VFG051651,0,0,0,0,5,0
VFG051654,0,0,0,0,3,0
VFG051656,0,0,0,0,1,0
VFG051657,0,0,0,0,6,0
VFG051659,0,0,0,0,3,0
VFG051661,0,0,0,0,7,0
VFG051663,0,0,0,0,8,0
VFG051814,0,0,0,0,13,0
VFG051817,0,0,0,0,5,0
VFG051821,0,0,0,0,1,0
VFG051822,0,0,0,0,7,0
VFG051825,0,0,0,0,1,0
VFG051829,0,0,0,0,4,0
VFG051833,0,0,0,0,15,0
VFG051834,0,0,0,0,13,0
VFG051837,0,0,0,0,6,0
VFG052977,0,17,0,0,0,0
VFG052980,0,1,0,0,0,0
VFG052984,0,17,0,0,0,0
VFG052987,0,1,0,0,0,0
VFG052991,0,17,0,0,0,0
VFG052996,0,1,0,0,0,0
VFG052998,0,17,0,0,0,0
VFG053001,0,1,0,0,0,0
VFG053005,0,17,0,0,0,0
VFG053007,0,1,0,0,0,0
VFG053012,0,17,0,0,0,0
VFG053018,0,1,0,0,0,0
VFG053019,0,18,0,0,0,0
VFG053026,0,15,0,0,0,0
VFG053028,0,3,0,0,0,0
VFG053033,0,18,0,0,0,0
VFG053040,0,3,0,0,0,0
VFG053041,0,14,0,0,0,0
VFG053046,0,1,0,0,0,0
VFG053047,0,17,0,0,0,0
VFG053053,0,1,0,0,0,0
VFG053054,0,17,0,0,0,0
VFG053056,0,1,0,0,0,0
VFG053061,0,17,0,0,0,0
VFG053067,0,1,0,0,0,0
VFG053068,0,18,0,0,0,0
VFG053075,0,8,0,0,0,0
VFG053076,0,9,0,0,0,0
VFG053078,0,1,0,0,0,0
VFG053082,0,16,0,0,0,0
VFG053086,0,10,0,0,0,0
VFG053087,0,1,0,0,0,0
VFG053089,0,3,0,0,0,0
VFG053090,0,14,0,0,0,0
VFG053092,0,2,0,0,0,0
VFG053096,0,9,0,0,0,0
VFG053097,0,1,0,0,0,0
VFG053098,0,1,0,0,0,0
VFG053102,0,7,0,0,0,0
VFG053106,0,3,0,0,0,0
VFG053111,0,1,0,0,0,0
VFG053112,0,6,0,0,0,0
VFG053114,0,2,0,0,0,0
VFG053117,0,7,0,0,0,0
VFG053119,0,3,0,0,0,0
VFG053120,0,1,0,0,0,0
VFG053122,0,2,0,0,0,0
VFG053124,0,3,0,0,0,0
VFG053126,0,2,0,0,0,0
VFG053127,0,4,0,0,0,0
VFG053128,0,1,0,0,0,0
VFG053129,0,3,0,0,0,0
VFG053131,0,2,0,0,0,0
VFG053132,0,7,0,0,0,0
VFG053137,0,2,0,0,0,0
VFG053139,0,2,0,0,0,0
VFG053140,0,7,0,0,0,0
VFG053141,0,1,0,0,0,0
VFG053142,0,1,0,0,0,0
VFG053144,0,2,0,0,0,0
VFG053145,0,8,0,0,0,0
VFG053147,0,1,0,0,0,0
VFG053149,0,2,0,0,0,0
VFG053150,0,8,0,0,0,0
VFG053154,0,2,0,0,0,0
VFG053155,0,10,0,0,0,0
VFG053157,0,1,0,0,0,0
VFG053159,0,1,0,0,0,0
VFG053160,0,13,0,0,0,0
VFG053162,0,8,0,0,0,0
VFG053164,0,5,0,0,0,0
VFG053177,0,5,0,0,0,0
VFG053178,0,13,0,0,0,0
VFG053180,0,1,0,0,0,0
VFG053199,0,18,0,0,0,0
VFG053200,0,1,0,0,0,0
VFG053202,0,1,0,0,0,0
VFG053205,0,13,0,0,0,0
VFG053206,0,5,0,0,0,0
VFG053209,0,1,0,0,0,0
VFG053211,0,1,0,0,0,0
VFG053212,0,19,0,0,0,0
VFG053216,0,1,0,0,0,0
VFG053219,0,18,0,0,0,0
VFG053222,0,1,0,0,0,0
VFG053223,0,1,0,0,0,0
VFG053226,0,18,0,0,0,0
VFG053228,0,1,0,0,0,0
VFG053230,0,1,0,0,0,0
VFG053233,0,19,0,0,0,0
VFG053238,0,1,0,0,0,0
VFG053240,0,18,0,0,0,0
VFG053245,0,1,0,0,0,0
VFG053246,0,1,0,0,0,0
VFG053248,0,18,0,0,0,0
VFG053251,0,1,0,0,0,0
VFG053253,0,1,0,0,0,0
VFG053254,0,15,0,0,0,0
VFG053255,0,3,0,0,0,0
VFG053257,0,1,0,0,0,0
VFG053259,0,1,0,0,0,0
VFG053261,0,18,0,0,0,0
VFG053265,0,1,0,0,0,0
VFG053267,0,1,0,0,0,0
VFG053268,0,17,0,0,0,0
VFG053271,0,1,0,0,0,0
VFG053272,0,1,0,0,0,0
VFG053275,0,14,0,0,0,0
VFG053276,0,4,0,0,0,0
VFG053281,0,1,0,0,0,0
VFG053283,0,11,0,0,0,0
VFG053285,0,5,0,0,0,0
VFG053290,0,11,0,0,0,0
VFG053292,0,2,0,0,0,0
VFG053295,0,3,0,0,0,0
VFG053297,0,11,0,0,0,0
VFG053299,0,1,0,0,0,0
VFG053302,0,2,0,0,0,0
VFG053304,0,11,0,0,0,0
VFG053306,0,2,0,0,0,0
VFG053309,0,1,0,0,0,0
VFG053310,0,19,0,0,0,0
VFG053312,0,1,0,0,0,0
VFG053317,0,20,0,0,0,0
VFG053324,0,20,0,0,0,0
VFG053331,0,18,0,0,0,0
VFG053333,0,2,0,0,0,0
VFG053338,0,15,0,0,0,0
VFG053339,0,3,0,0,0,0
VFG053340,0,1,0,0,0,0
VFG053341,0,1,0,0,0,0
VFG053345,0,18,0,0,0,0
VFG053347,0,2,0,0,0,0
VFG053352,0,19,0,0,0,0
VFG053357,0,1,0,0,0,0
VFG053359,0,18,0,0,0,0
VFG053364,0,2,0,0,0,0
VFG053366,0,19,0,0,0,0
VFG053370,0,8,0,0,0,0
VFG053373,0,18,0,0,0,0
VFG053376,0,1,0,0,0,0
VFG053379,0,1,0,0,0,0
VFG053380,0,18,0,0,0,0
VFG053385,0,1,0,0,0,0
VFG053386,0,1,0,0,0,0
VFG053387,0,18,0,0,0,0
VFG053393,0,2,0,0,0,0
VFG053394,0,9,0,0,0,0
VFG053395,0,9,0,0,0,0
VFG053396,0,1,0,0,0,0
VFG053397,0,1,0,0,0,0
VFG053401,0,1,0,0,0,0
VFG053402,0,11,0,0,0,0
VFG053403,0,6,0,0,0,0
VFG053404,0,1,0,0,0,0
VFG053407,0,1,0,0,0,0
VFG053408,0,18,0,0,0,0
VFG053410,0,1,0,0,0,0
VFG053414,0,1,0,0,0,0
VFG053415,0,18,0,0,0,0
VFG053417,0,1,0,0,0,0
VFG053418,0,1,0,0,0,0
VFG053422,0,17,0,0,0,0
VFG053425,0,1,0,0,0,0
VFG053428,0,2,0,0,0,0
VFG053429,0,20,0,0,0,0
VFG053436,0,19,0,0,0,0
VFG053440,0,1,0,0,0,0
VFG053444,0,18,0,0,0,0
VFG053448,0,1,0,0,0,0
VFG053449,0,1,0,0,0,0
VFG053450,0,18,0,0,0,0
VFG053453,0,1,0,0,0,0
VFG053455,0,1,0,0,0,0
VFG053458,0,19,0,0,0,0
VFG053463,0,1,0,0,0,0
VFG053464,0,20,0,0,0,0
VFG053471,0,18,0,0,0,0
VFG053473,0,1,0,0,0,0
VFG053476,0,1,0,0,0,0
VFG053478,0,19,0,0,0,0
VFG053483,0,1,0,0,0,0
VFG053485,0,18,0,0,0,0
VFG053488,0,1,0,0,0,0
VFG053489,0,1,0,0,0,0
VFG053492,0,19,0,0,0,0
VFG053495,0,1,0,0,0,0
VFG053499,0,19,0,0,0,0
VFG053501,0,1,0,0,0,0
VFG053506,0,19,0,0,0,0
VFG053509,0,1,0,0,0,0
VFG053513,0,19,0,0,0,0
VFG053516,0,1,0,0,0,0
VFG053520,0,18,0,0,0,0
VFG053522,0,1,0,0,0,0
VFG053526,0,1,0,0,0,0
VFG053527,0,18,0,0,0,0
VFG053529,0,1,0,0,0,0
VFG053531,0,1,0,0,0,0
VFG053534,0,18,0,0,0,0
VFG053536,0,1,0,0,0,0
VFG053540,0,1,0,0,0,0
VFG053541,0,12,0,0,0,0
VFG053542,0,6,0,0,0,0
VFG053543,0,1,0,0,0,0
VFG053548,0,19,0,0,0,0
VFG053554,0,1,0,0,0,0
VFG053555,0,18,0,0,0,0
VFG053559,0,1,0,0,0,0
VFG053561,0,1,0,0,0,0
VFG053562,0,19,0,0,0,0
VFG053564,0,1,0,0,0,0
VFG053570,0,19,0,0,0,0
VFG053572,0,1,0,0,0,0
VFG053576,0,18,0,0,0,0
VFG053578,0,2,0,0,0,0
VFG053583,0,19,0,0,0,0
VFG053587,0,1,0,0,0,0
