Strain,BETA-LACTAM,AMINOGLYCOSIDE,SULFONAMIDE,STREPTOTHRICIN,TRIMETHOPRIM,QUATERNARY AMMONIUM,BLEOMYCIN,MACROLIDE/STREPTOGRAMIN,MACROLIDE,TETRACYCLINE,PHENICOL,RIFAMYCIN,FOSFOMYCIN,NITROFURAN/PHENICOL/QUINOLONE/TETRACYCLINE,QUINOLONE,AMINOGLYCOSIDE/QUINOLONE,LINCOSAMIDE,COLISTIN,GLYCOPEPTIDE,LINCOSAMIDE/MACROLIDE/STREPTOGRAMIN,LINCOSAMIDE/STREPTOGRAMIN,LINCOSAMIDE/MACROLIDE,PHENICOL/QUINOLONE,FUSIDIC ACID,MUPIROCIN,Total_Classes,MDR
Acinetobacter_UC23022,1,1,1,1,1,0,0,0,0,0,0,0,0,0,0,0,0,0,0,0,0,0,0,0,0,5,Yes
Acinetobacter_AB30,1,1,1,0,0,0,0,0,0,0,0,0,0,0,0,0,0,0,0,0,0,0,0,0,0,3,Yes
Acinetobacter_AF-401,1,1,1,0,0,0,0,0,0,0,0,0,0,0,0,0,0,0,0,0,0,0,0,0,0,3,Yes
Acinetobacter_D4,1,1,1,0,0,1,0,0,0,0,0,0,0,0,0,0,0,0,0,0,0,0,0,0,0,4,Yes
Acinetobacter_AC1633,1,1,1,0,0,0,1,1,1,1,0,0,0,0,0,0,0,0,0,0,0,0,0,0,0,7,Yes
Acinetobacter_AB17,1,1,1,1,1,1,0,1,1,1,1,1,0,0,0,0,0,0,0,0,0,0,0,0,0,11,Yes
Acinetobacter_6080,1,1,1,0,0,1,0,0,0,0,1,0,0,0,0,0,0,0,0,0,0,0,0,0,0,5,Yes
Acinetobacter_XH1056,1,1,1,0,0,1,0,1,1,1,1,0,0,0,0,0,0,0,0,0,0,0,0,0,0,8,Yes
Acinetobacter_7804,1,1,1,0,0,0,0,0,0,0,0,0,0,0,0,0,0,0,0,0,0,0,0,0,0,3,Yes
Acinetobacter_MRSN_58,1,1,1,1,1,1,0,0,0,1,0,0,0,0,0,0,0,0,0,0,0,0,0,0,0,7,Yes
Acinetobacter_BAL114,1,1,1,0,0,1,0,1,1,1,0,0,0,0,0,0,0,0,0,0,0,0,0,0,0,7,Yes
Acinetobacter_361BC,1,1,1,0,0,0,0,0,0,0,0,0,0,0,0,0,0,0,0,0,0,0,0,0,0,3,Yes
Acinetobacter_ATCC_19606,1,1,1,0,0,0,0,0,0,0,0,0,0,0,0,0,0,0,0,0,0,0,0,0,0,3,Yes
Acinetobacter_169D,1,1,1,0,0,0,0,0,0,0,0,0,0,0,0,0,0,0,0,0,0,0,0,0,0,3,Yes
Acinetobacter_AR_0101,1,1,1,0,0,0,0,0,0,0,0,0,0,0,0,0,0,0,0,0,0,0,0,0,0,3,Yes
Acinetobacter_DETAB-E51,1,1,1,0,0,0,0,0,0,0,0,0,0,0,0,0,0,0,0,0,0,0,0,0,0,3,Yes
Acinetobacter_VB82,1,1,1,0,0,1,0,1,1,1,1,1,0,0,0,0,0,0,0,0,0,0,0,0,0,9,Yes
Acinetobacter_96,1,1,1,0,0,0,0,1,1,1,0,0,0,0,0,0,0,0,0,0,0,0,0,0,0,6,Yes
Acinetobacter_XH858,1,1,1,0,0,0,0,0,0,1,0,0,0,0,0,0,0,0,0,0,0,0,0,0,0,4,Yes
Acinetobacter_XH1041,1,1,1,0,0,0,0,0,0,1,0,0,0,0,0,0,0,0,0,0,0,0,0,0,0,4,Yes
Enterobacter_3143,1,0,0,0,0,0,0,0,0,0,0,0,1,1,0,0,0,0,0,0,0,0,0,0,0,3,Yes
Enterobacter_ATCC_13047,1,0,1,0,0,0,0,0,0,0,0,0,1,1,0,0,0,0,0,0,0,0,0,0,0,4,Yes
Enterobacter_STK49-C,1,0,0,0,0,0,0,0,0,0,0,0,1,1,0,0,0,0,0,0,0,0,0,0,0,3,Yes
Enterobacter_STK71-C,1,0,0,0,0,0,0,0,0,0,0,0,1,1,0,0,0,0,0,0,0,0,0,0,0,3,Yes
Enterobacter_CZ862,1,1,1,0,0,1,0,0,0,0,1,0,1,0,1,0,0,0,0,0,0,0,0,0,0,7,Yes
Enterobacter_EFN743,1,1,1,1,1,0,0,0,0,1,1,0,1,1,1,1,0,0,0,0,0,0,0,0,0,11,Yes
Enterobacter_CZ-1,1,0,0,0,0,0,0,0,0,0,0,0,1,1,0,0,0,0,0,0,0,0,0,0,0,3,Yes
Enterobacter_SBP-8,1,0,0,0,0,0,0,0,0,0,0,0,1,1,0,0,0,0,0,0,0,0,0,0,0,3,Yes
Enterobacter_E177,0,0,0,0,0,0,0,0,0,0,0,0,0,0,0,0,0,0,0,0,0,0,0,0,0,0,No
Enterobacter_POL9,1,0,0,0,0,0,0,0,0,0,0,0,1,1,0,0,0,0,0,0,0,0,0,0,0,3,Yes
Enterobacter_STK39-C,1,0,0,0,0,0,0,0,0,0,0,0,1,1,0,0,0,0,0,0,0,0,0,0,0,3,Yes
Enterobacter_53EVA,1,1,1,0,1,1,0,0,0,1,1,0,1,1,1,0,0,0,0,0,0,0,0,0,0,10,Yes
Enterobacter_ECC-003,1,1,1,0,1,1,0,0,1,1,1,0,1,1,1,0,0,0,0,0,0,0,0,0,0,11,Yes
Enterobacter_GGT036,1,0,0,0,0,0,0,0,0,0,0,0,1,1,0,0,0,0,0,0,0,0,0,0,0,3,Yes
Enterobacter_ECC-068,1,0,0,0,0,0,0,0,0,0,0,0,1,1,0,0,0,0,0,0,0,0,0,0,0,3,Yes
Enterobacter_SD21,1,1,1,0,1,0,0,0,1,1,1,1,1,1,1,0,1,1,0,0,0,0,0,0,0,13,Yes
Enterobacter_SDM,1,0,0,0,0,0,0,0,0,0,0,0,1,1,0,0,0,0,0,0,0,0,0,0,0,3,Yes
Enterobacter_GX1Z-1L,1,1,1,0,1,0,0,0,0,1,1,0,0,1,1,0,1,0,0,0,0,0,0,0,0,9,Yes
Enterobacter_MY490,1,1,1,0,1,1,0,0,1,1,1,0,1,1,1,0,0,0,0,0,0,0,0,0,0,11,Yes
Enterobacter_DSM_30054,1,0,1,0,0,0,0,0,0,0,0,0,1,1,0,0,0,0,0,0,0,0,0,0,0,4,Yes
Enterococcus_AUS2002,0,1,0,0,1,0,0,1,0,1,0,0,0,0,0,0,1,0,1,1,1,0,0,0,0,8,Yes
Enterococcus_DSM_20477,0,1,0,0,0,0,0,1,0,0,0,0,0,0,0,0,0,0,0,0,0,0,0,0,0,2,No
Enterococcus_EF9953,0,1,0,1,0,0,0,1,0,1,0,0,0,0,0,0,0,0,1,1,0,0,0,0,0,6,Yes
Enterococcus_Dallas_100_1,0,1,0,1,1,0,0,1,0,0,0,0,0,0,0,0,0,0,1,1,0,0,0,0,0,6,Yes
Enterococcus_2014-VREF-41,0,1,0,0,1,0,0,1,0,0,0,0,0,0,0,0,0,0,1,1,0,1,0,0,0,6,Yes
Enterococcus_Dallas_144_1,0,1,0,1,1,0,0,1,0,1,0,0,0,0,0,0,0,0,1,1,0,0,0,0,0,7,Yes
Enterococcus_ISMMS_VRE_1,0,1,0,1,1,1,0,1,0,1,0,0,0,0,0,0,0,0,1,1,0,0,0,0,0,8,Yes
Enterococcus_JHP80,0,1,0,1,0,0,0,1,0,0,0,0,0,0,0,0,0,0,1,1,0,0,0,0,0,5,Yes
Enterococcus_6E6,0,1,0,0,1,0,0,1,0,1,0,0,0,0,0,0,0,0,1,1,0,0,0,0,0,6,Yes
Enterococcus_AA620,0,1,0,0,1,0,0,1,0,1,0,0,0,0,0,0,0,0,1,0,0,0,0,0,0,5,Yes
Enterococcus_NY11066,0,1,0,0,1,0,0,1,0,0,0,0,0,0,0,0,0,0,1,1,0,0,0,0,0,5,Yes
Enterococcus_Com15,0,1,0,0,0,0,0,1,0,0,0,0,0,0,0,0,0,0,0,0,0,0,0,0,0,2,No
Enterococcus_E1,0,1,0,1,1,0,0,1,1,0,0,0,0,0,0,0,0,0,0,1,0,0,0,0,0,6,Yes
Enterococcus_VRE_04,0,1,0,1,1,0,0,1,1,0,0,0,0,0,0,0,0,0,1,1,0,0,0,0,0,7,Yes
Enterococcus_AA622,0,1,0,0,1,0,0,1,0,1,0,0,0,0,0,0,0,0,1,1,0,0,0,0,0,6,Yes
Enterococcus_UCH1,0,1,0,0,1,0,0,1,0,1,0,0,0,0,0,0,0,0,1,1,0,0,0,0,0,6,Yes
Enterococcus_2016,0,1,0,0,1,0,0,1,0,1,0,0,0,0,0,0,1,0,1,1,1,0,0,0,0,8,Yes
Enterococcus_VRE,0,1,0,0,1,0,0,1,1,1,0,0,0,0,0,0,0,0,1,1,0,0,0,0,0,7,Yes
Enterococcus_2016C08,0,1,0,0,1,0,0,1,0,1,0,0,0,0,0,0,1,0,1,1,1,0,0,0,0,8,Yes
Enterococcus_SRR24,0,1,0,0,0,0,0,1,0,0,0,0,0,0,0,0,0,0,1,0,0,0,0,0,0,3,Yes
Klebsiella_TH12908,1,0,0,0,0,0,0,0,0,0,0,0,1,1,0,0,0,0,0,0,0,0,1,0,0,4,Yes
Klebsiella_KP18-2073,1,1,0,0,0,0,0,0,0,1,0,0,1,1,0,0,0,0,0,0,0,0,0,0,0,5,Yes
Klebsiella_Bio3,1,1,1,1,1,1,0,1,1,1,1,0,1,1,0,1,0,0,0,0,0,0,0,0,0,13,Yes
Klebsiella_DD02425,1,1,1,0,1,1,0,1,1,1,0,0,1,1,1,1,0,0,0,0,0,0,0,0,0,12,Yes
Klebsiella_hvKP340,1,1,1,0,1,1,1,0,1,1,0,1,1,0,1,1,0,0,0,0,0,0,0,0,0,12,Yes
Klebsiella_5890,1,1,1,0,1,1,0,0,0,1,1,0,1,1,0,0,0,0,0,0,0,0,0,0,0,9,Yes
Klebsiella_KP2010,1,0,0,0,0,0,0,0,0,0,0,0,1,0,0,0,0,0,0,0,0,0,0,0,0,2,No
Klebsiella_KP144,1,1,0,0,0,0,0,0,0,0,1,0,1,0,0,0,0,0,0,0,0,0,0,0,0,4,Yes
Klebsiella_HS11286,1,1,1,0,1,1,0,0,0,1,1,0,1,0,0,0,0,0,0,0,0,0,0,0,0,8,Yes
Klebsiella_CRKP-C235,1,1,1,0,1,1,0,0,0,1,1,0,1,0,1,0,0,0,0,0,0,0,0,0,0,9,Yes
Klebsiella_Bio45,1,1,1,1,1,1,0,1,1,1,1,0,1,1,0,1,0,0,0,0,0,0,0,0,0,13,Yes
Klebsiella_XHKPN391,1,1,0,0,0,0,0,0,0,0,1,0,1,1,0,1,0,0,0,0,0,0,0,0,0,6,Yes
Klebsiella_IM029,1,1,1,0,1,1,0,1,1,1,1,0,1,1,1,1,0,0,0,0,0,0,0,0,0,13,Yes
Klebsiella_QD23,1,1,1,0,1,1,1,0,1,1,1,1,1,0,0,1,0,0,0,0,0,0,1,0,0,13,Yes
Klebsiella_Bio73,1,1,1,1,1,1,0,1,1,1,1,0,1,1,0,1,0,0,0,0,0,0,0,0,0,13,Yes
Klebsiella_IM007,1,1,1,0,1,1,0,0,1,1,1,1,1,1,1,1,0,0,0,0,0,0,0,0,0,13,Yes
Klebsiella_3347689I,1,1,1,0,1,1,1,1,1,1,1,1,1,1,0,1,0,0,0,0,0,0,0,0,0,14,Yes
Klebsiella_KP18-2050,1,1,0,0,1,1,0,0,0,1,0,0,1,1,0,0,0,0,0,0,0,0,0,0,0,7,Yes
Klebsiella_KP1517,1,1,1,0,1,1,0,1,1,1,1,0,1,1,1,1,0,0,0,0,0,0,0,0,0,13,Yes
Klebsiella_NK-603,1,1,1,0,1,0,0,0,0,1,0,0,1,0,1,0,0,0,0,0,0,0,0,0,0,7,Yes
Pseudomonas_SS-209,1,1,1,0,0,1,0,1,1,0,1,0,1,0,0,0,0,0,0,0,0,0,0,0,0,8,Yes
Pseudomonas_PAO1,1,1,0,0,0,0,0,0,0,0,1,0,1,0,0,0,0,0,0,0,0,0,0,0,0,4,Yes
Pseudomonas_Pa3,1,1,1,0,0,1,0,0,0,0,1,0,1,0,0,0,0,0,0,0,0,0,0,0,0,6,Yes
Pseudomonas_Carb01_63,1,1,1,0,0,1,0,0,0,0,1,0,1,0,0,0,0,0,0,0,0,0,0,0,0,6,Yes
Pseudomonas_59,1,1,1,0,1,1,0,0,1,0,1,0,1,0,1,0,0,0,0,0,0,0,0,0,0,9,Yes
Pseudomonas_NY5524,1,1,1,0,0,1,0,0,0,0,1,0,1,0,0,0,0,0,0,0,0,0,0,0,0,6,Yes
Pseudomonas_NY4383,1,1,1,0,0,1,0,0,0,0,1,0,1,0,0,0,0,0,0,0,0,0,0,0,0,6,Yes
Pseudomonas_PAC1,1,1,1,0,0,0,0,0,0,0,1,0,1,0,0,0,0,0,0,0,0,0,0,0,0,5,Yes
Pseudomonas_JBPA,1,1,0,0,0,0,0,0,0,0,1,0,1,0,0,0,0,0,0,0,0,0,0,0,0,4,Yes
Pseudomonas_p55,1,1,1,0,0,1,0,0,0,1,1,0,1,0,0,0,0,0,0,0,0,0,0,0,0,7,Yes
Pseudomonas_Pa1207,1,1,1,0,0,1,0,0,0,0,1,0,1,0,0,0,0,0,0,0,0,0,0,0,0,6,Yes
Pseudomonas_A31005,1,1,0,0,0,1,0,0,0,0,1,0,1,0,0,0,0,0,0,0,0,0,0,0,0,5,Yes
Pseudomonas_C4.2,1,1,0,0,0,0,0,0,0,0,1,0,1,0,0,0,0,0,0,0,0,0,0,0,0,4,Yes
Pseudomonas_CH1,1,1,0,0,0,0,0,0,0,0,1,0,1,0,0,0,0,0,0,0,0,0,0,0,0,4,Yes
Pseudomonas_Pa58,1,1,1,0,0,1,0,0,0,0,1,0,1,0,0,0,0,0,0,0,0,0,0,0,0,6,Yes
Pseudomonas_2868,1,1,1,0,0,1,0,0,0,0,1,0,1,0,0,0,0,0,0,0,0,0,0,0,0,6,Yes
Pseudomonas_AR_0353,1,1,1,0,0,1,0,0,0,0,1,0,1,0,0,0,0,0,0,0,0,0,0,0,0,6,Yes
Pseudomonas_DSM_50071,1,1,0,0,0,0,0,0,0,0,1,0,1,0,0,0,0,0,0,0,0,0,0,0,0,4,Yes
Pseudomonas_PA14,1,1,0,0,0,0,0,0,0,0,1,0,1,0,0,0,0,0,0,0,0,0,0,0,0,4,Yes
Pseudomonas_PA6567,1,1,1,0,0,1,0,0,0,0,1,0,1,0,0,0,0,0,0,0,0,0,0,0,0,6,Yes
Staphylococcus_MRSA107,1,1,0,1,1,0,0,0,0,1,0,0,1,0,0,0,0,0,0,0,0,1,0,0,0,7,Yes
Staphylococcus_Zed,1,1,0,1,1,1,0,0,0,1,0,0,1,0,0,0,0,0,0,0,0,1,0,1,0,9,Yes
Staphylococcus_V605,1,1,0,1,1,0,0,0,0,1,0,0,1,0,0,0,0,0,0,0,0,1,0,0,1,8,Yes
Staphylococcus_TUM,1,1,0,0,0,0,0,0,0,1,0,0,1,0,0,0,0,0,0,0,0,1,0,0,0,5,Yes
Staphylococcus_IDSA1,1,1,0,1,1,0,0,0,0,1,0,0,1,0,0,0,0,0,0,0,0,1,0,0,0,7,Yes
Staphylococcus_SA0413Rev,1,1,0,0,0,0,0,0,0,1,1,0,1,0,0,0,0,0,0,1,0,0,0,0,0,6,Yes
Staphylococcus_DSM_20231,0,0,0,0,0,0,0,0,0,0,0,0,1,0,0,0,0,0,0,0,0,0,0,0,0,1,No
Staphylococcus_Z0118SA0043,1,1,0,0,1,0,0,0,0,1,0,0,1,0,0,0,0,0,0,0,0,1,0,0,0,6,Yes
Staphylococcus_FDAARGOS_773,0,0,0,0,0,0,0,0,0,1,0,0,1,0,0,0,0,0,0,0,0,0,0,0,0,2,No
Staphylococcus_V521,1,1,0,1,1,1,0,0,0,1,0,0,1,0,0,0,0,0,0,0,0,1,0,0,0,8,Yes
Staphylococcus_M48,1,1,0,1,1,0,0,0,0,1,0,0,1,0,0,0,0,0,0,0,0,1,0,0,0,7,Yes
Staphylococcus_NCTC_8325,0,0,0,0,0,0,0,0,0,0,0,0,1,0,0,0,0,0,0,0,0,0,0,0,0,1,No
Staphylococcus_Gv88,1,1,0,1,0,0,0,0,0,1,1,0,1,0,0,0,0,0,0,0,0,1,0,0,0,7,Yes
Staphylococcus_Z0118SA0044,1,1,0,0,1,0,0,0,0,1,0,0,1,0,0,0,0,0,0,0,0,1,0,0,0,6,Yes
Staphylococcus_BPH2947,1,1,0,1,1,1,0,0,0,1,0,0,1,0,0,0,0,0,0,0,0,1,0,0,0,8,Yes
Staphylococcus_ATCC_12600,0,0,0,0,0,0,0,0,0,0,0,0,1,0,0,0,0,0,0,0,0,0,0,0,0,1,No
Staphylococcus_Gv51,1,1,0,1,0,0,0,0,0,1,1,0,1,0,0,0,0,0,0,0,0,1,0,0,0,7,Yes
Staphylococcus_CUBIST-27,1,1,0,0,1,1,1,0,0,0,0,0,1,0,0,0,0,0,0,0,0,1,0,0,1,8,Yes
Staphylococcus_2010N21-057,1,1,0,1,1,1,0,0,0,1,0,0,1,0,0,0,0,0,0,0,0,1,0,0,0,8,Yes
Staphylococcus_Taliyah,1,1,0,1,1,1,0,0,0,1,0,0,1,0,0,0,0,0,0,1,0,1,0,0,0,9,Yes
